"Kinoto", 35.70, 188
"Zanahoria", 25.34, 720
"Kiwi", 429.52, 440
"Acelga", 6.85, 954
"Batata", 21.85, 1190
"Mandarina", 24.96, 920
"Naranja", 17.47, 1160
"Lima", 1149.30, 216
"Alcachofa", 135.13, 276
"Alcachofa", 163.54, 288
"Banana", 68.24, 830
"Zanahoria", 33.44, 522
"Ajo", 884.80, 102
"Champignon", 3505.92, 114
"Pepino", 42.28, 430
"Rabanito", 225.34, 342
"Pomelo", 42.42, 1035
"Durazno", 179.33, 672
"Calabaza", 25.98, 760
"Kiwi", 436.96, 328
"Kinoto", 35.81, 174
"Batata", 14.05, 990
"Pera", 155.26, 1100
"Higo", 2642.26, 108
"Durazno", 157.49, 824
"Ciruela", 952.59, 765
"Choclo", 49.22, 360
"Papa", 16.06, 1070
"Apio", 55.70, 246
"Sandia", 59.84, 1080
"Banana", 58.18, 980
"Palta", 465.51, 405
"Mandarina", 15.49, 810
"Berenjena", 57.93, 714
"Brocoli", 365.43, 440
"Frambuesa", 2148.65, 93
"Morron", 3048.34, 594
"Ajo", 880.92, 91
"Coliflor", 41.27, 545
"Durazno", 265.35, 912
"Pera", 142.62, 1030
"Zanahoria", 29.25, 576
"Durazno", 143.25, 896
"Caqui", 787.83, 119
"Pomelo", 51.24, 1008
"Morron", 2973.49, 522
"Sandia", 52.92, 864
"Lima", 1028.47, 162
"Lima", 1260.53, 216
"Ajo", 868.06, 106
"Lima", 1346.17, 186
"Cebolla", 74.02, 736
"Apio", 54.26, 264
"Morron", 2945.16, 522
"Apio", 54.18, 261
"Rabanito", 202.75, 261
"Coliflor", 31.68, 465
"Durazno", 281.73, 704
"Kinoto", 37.31, 208
"Lima", 1228.22, 226
"Durazno", 263.00, 864
"Berenjena", 64.36, 576
"Frambuesa", 2096.49, 119
"Naranja", 22.04, 1050
"Durazno", 287.77, 864
"Cebolla", 69.23, 680
"TomCherry", 531.26, 170
"Pepino", 34.70, 530
"Uva", 685.41, 294
"Lima", 1002.47, 182
"Naranja", 8.88, 1130
"Ciruela", 1004.46, 999
"Pera", 152.25, 1140
"Frutilla", 320.52, 315
"Melon", 93.45, 372
"Choclo", 61.82, 318
"Sandia", 64.73, 729
"Manzana", 154.47, 950
"TomCherry", 547.13, 178
"Palta", 481.94, 420
"Mandarina", 17.53, 830
"Cebolla", 63.53, 888
"Frutilla", 272.37, 273
"Rabanito", 237.01, 294
"Repollo", 4.29, 588
"Caqui", 830.68, 86
"Alcachofa", 141.46, 330
"Champignon", 3589.19, 99
"Cebolla", 54.79, 848
"Manzana", 141.59, 1000
"Choclo", 63.66, 294
"Coliflor", 41.57, 550
"Durazno", 297.93, 960
"Naranja", 15.57, 910
"Esparrago", 620.52, 184
"Tomate", 760.75, 945
"Frutilla", 293.45, 273
"Champignon", 3423.35, 95
"Brocoli", 395.18, 448
"Alcachofa", 132.97, 318
"Pepino", 35.07, 475
"Durazno", 135.11, 928
"Kinoto", 28.90, 236
"Zanahoria", 33.89, 600
"Durazno", 281.67, 768
"TomCherry", 571.37, 202
"Choclo", 47.90, 318
"Coliflor", 13.20, 465
"Choclo", 67.05, 351
"Acelga", 20.88, 972
"Pera", 158.55, 1070
"Caqui", 763.79, 89
"TomCherry", 518.37, 232
"Frutilla", 297.72, 330
"Pomelo", 41.85, 918
"Pepino", 34.30, 425
"Coliflor", 24.36, 585
"Kiwi", 426.68, 464
"Higo", 2506.51, 96
"Palta", 1132.56, 384
"Coliflor", 35.43, 515
"Alcachofa", 133.05, 348
"Manzana", 133.86, 1110
"Lechuga", 38.25, 1035
"Naranja", 15.82, 1150
"Morron", 2922.89, 552
"Pera", 127.34, 1040
"Choclo", 58.48, 273
"Naranja", 11.80, 1100
"Higo", 2484.24, 118
"Repollo", 4.95, 609
"Frutilla", 266.80, 282
"Calabaza", 23.13, 832
"Frambuesa", 2018.84, 118
"Frambuesa", 1979.19, 93
"Lima", 1383.45, 168
"Zuccini", 79.38, 600
"Cebolla", 58.03, 744
"Ajo", 934.79, 110
"Alcachofa", 153.60, 345
"Pepino", 38.47, 430
"Caqui", 811.11, 119
"Mandarina", 6.64, 970
"Uva", 705.00, 285
"Alcachofa", 145.03, 324
"Papa", 12.52, 1120
"Morron", 3100.54, 654
"Frutilla", 273.95, 345
"Acelga", 29.29, 873
"Durazno", 266.40, 832
"Pera", 159.33, 850
"Melon", 113.12, 440
"Frambuesa", 2012.34, 97
"Ciruela", 1000.73, 1017
"Morron", 2975.86, 708
"Palta", 1134.51, 452
"Naranja", 10.93, 880
"Durazno", 170.41, 952
"Pepino", 38.23, 550
"Batata", 23.90, 1150
"Zanahoria", 36.01, 498
"Caqui", 770.43, 111
"Lima", 1239.58, 212
"Champignon", 3527.16, 113
"Frambuesa", 2110.28, 118
"Caqui", 833.86, 112
"Durazno", 288.22, 896
"Pomelo", 40.81, 1080
"Brocoli", 358.21, 472
"Cereza", 1017.81, 238
"Lima", 1212.02, 204
"Durazno", 161.26, 680
"Naranja", 15.98, 1000
"Alcachofa", 134.90, 348
"Higo", 2447.77, 107
"TomCherry", 562.03, 220
"Morron", 2971.94, 696
"Frambuesa", 2028.93, 90
"Esparrago", 647.97, 192
"Mandarina", 23.33, 1110
"Tomate", 751.33, 981
"TomCherry", 556.24, 192
"Ajo", 903.86, 114
"Calabaza", 25.16, 768
"Tomate", 766.69, 1053
"Lechuga", 50.78, 1008
"Naranja", 13.55, 1050
"Sandia", 66.87, 810
"Lima", 1315.28, 194
"Kiwi", 418.08, 380
"Cereza", 984.03, 160
"Berenjena", 59.05, 708
"Lima", 1235.16, 232
"Morron", 2990.42, 690
"Pera", 151.51, 1140
"Palta", 446.03, 565
"Naranja", 14.25, 820
"Papa", 23.76, 1100
"Sandia", 54.72, 990
"Mandarina", 18.88, 960
"Palta", 502.79, 460
"Frutilla", 264.23, 336
"Frutilla", 312.23, 351
"Lima", 1200.82, 238
"Berenjena", 62.54, 618
"Ajo", 889.08, 103
"Naranja", 15.87, 970
"Pera", 134.60, 940
"Limon", 303.77, 707
"Mandarina", 21.83, 1030
"Higo", 2519.09, 89
"Mandarina", 9.05, 1030
"Pomelo", 51.79, 927
"Acelga", 20.94, 1062
"Champignon", 3682.43, 120
"Acelga", 23.44, 1053
"Naranja", 16.48, 1140
"Calabaza", 22.85, 944
"Naranja", 12.84, 840
"Pera", 150.82, 1000
"Rabanito", 193.63, 300
"Coliflor", 31.58, 600
"Durazno", 151.65, 704
"Banana", 71.66, 800
"Alcachofa", 131.43, 276
"Batata", 21.87, 1050
"Durazno", 247.76, 936
"Coliflor", 33.34, 530
"Zanahoria", 42.85, 552
"Choclo", 57.25, 345
"Palta", 1121.48, 448
"Pomelo", 42.54, 1017
"Calabaza", 24.38, 944
"Apio", 67.48, 258
"Morron", 2961.07, 546
"Cereza", 1058.66, 238
"Durazno", 265.89, 864
"Pepino", 38.27, 405
"Lima", 1065.95, 180
"Repollo", 7.22, 658
"Naranja", 10.80, 990
"Kinoto", 24.16, 222
"Acelga", 17.44, 918
"Lima", 1370.98, 170
"Frutilla", 332.49, 258
"Higo", 2446.84, 83
"Batata", 20.64, 930
"Palta", 515.76, 535
"Kinoto", 36.49, 206
"Manzana", 148.19, 960
"Papa", 21.13, 910
"Naranja", 8.25, 850
"Choclo", 58.78, 288
"Melon", 119.51, 400
"Frambuesa", 2074.77, 113
"Pera", 160.18, 970
"Frambuesa", 2097.35, 108
"Pera", 168.26, 810
"Banana", 63.04, 1120
"Kinoto", 31.17, 172
"Cebolla", 68.15, 944
"Lima", 1158.79, 182
"Lima", 960.71, 226
"Apio", 41.94, 258
"Frambuesa", 2072.40, 92
"Kiwi", 424.57, 332
"Calabaza", 25.93, 704
"Palta", 1181.67, 456
"Melon", 105.41, 340
"Uva", 693.67, 342
"Tomate", 713.25, 765
"Brocoli", 382.88, 424
"Palta", 482.24, 445
"Durazno", 144.22, 944
"Pomelo", 58.21, 936
"Lechuga", 47.35, 729
"Limon", 325.63, 700
"Kinoto", 21.85, 240
"Frambuesa", 2080.11, 96
"Morron", 2900.65, 624
"Frambuesa", 2009.07, 80
"Repollo", 7.73, 798
"Papa", 12.24, 820
"Pepino", 37.29, 415
"Lechuga", 37.50, 864
"Zanahoria", 39.92, 570
"Durazno", 200.25, 904
"Naranja", 13.79, 890
"Frambuesa", 2033.05, 105
"Berenjena", 64.79, 666
"Calabaza", 10.94, 688
"Limon", 341.56, 574
"Palta", 1197.30, 420
"Batata", 20.70, 880
"Morron", 2953.23, 630
"Frambuesa", 2009.69, 105
"Choclo", 52.19, 303
"Higo", 2487.63, 82
"Durazno", 155.58, 648
"Tomate", 729.85, 873
"Lechuga", 43.75, 891
"Acelga", 13.08, 720
"Lima", 1372.44, 214
"Lima", 1347.77, 182
"Banana", 59.56, 910
"Durazno", 183.71, 832
"Limon", 314.85, 826
"Rabanito", 234.18, 285
"Durazno", 156.22, 720
"Brocoli", 362.29, 336
"Higo", 2573.73, 107
"Pepino", 36.15, 485
"Papa", 13.50, 1110
"Calabaza", 20.85, 712
"Rabanito", 189.88, 351
"Acelga", 16.85, 1008
"Kinoto", 24.24, 206
"Zanahoria", 31.91, 558
"Frutilla", 298.39, 252
"Frutilla", 255.83, 351
"Esparrago", 649.02, 186
"Repollo", 8.37, 574
"Naranja", 16.09, 950
"Morron", 2920.20, 528
"Durazno", 271.20, 928
"Pomelo", 35.88, 801
"Sandia", 65.80, 999
"Champignon", 3598.69, 103
"Naranja", 23.43, 870
"Cebolla", 66.06, 888
"Morron", 2824.66, 492
"Sandia", 47.43, 945
"Pera", 140.79, 1100
"Batata", 20.06, 1200
"Lechuga", 49.84, 963
"Lima", 1033.44, 170
"Naranja", 8.03, 960
"Rabanito", 228.70, 297
"Uva", 676.40, 357
"TomCherry", 584.42, 176
"Rabanito", 256.71, 276
"Lima", 1389.36, 180
"Acelga", 24.08, 738
"Cereza", 1042.24, 206
"Mandarina", 21.63, 950
"Palta", 1141.76, 376
"Zanahoria", 30.60, 630
"Repollo", 6.34, 735
"Tomate", 783.83, 900
"Lima", 1344.57, 174
"Pomelo", 52.16, 738
"Esparrago", 577.38, 192
"Kiwi", 410.31, 468
"Durazno", 261.51, 728
"Uva", 701.19, 306
"Durazno", 186.58, 936
"Kinoto", 29.32, 190
"Melon", 100.95, 352
"Brocoli", 332.94, 376
"Pomelo", 53.98, 792
"Durazno", 165.22, 712
"Esparrago", 629.54, 174
"Durazno", 276.91, 832
"TomCherry", 540.22, 204
"Repollo", 4.65, 574
"Kinoto", 41.06, 210
"Ciruela", 950.99, 810
"Berenjena", 68.60, 552
"Higo", 2525.79, 105
"Calabaza", 22.00, 840
"Zanahoria", 34.52, 552
"Calabaza", 24.98, 912
"Ciruela", 990.13, 891
"Choclo", 50.67, 351
"Coliflor", 37.13, 530
"Zanahoria", 28.89, 702
"Berenjena", 57.39, 666
"Durazno", 137.96, 656
"Esparrago", 650.62, 192
"Kiwi", 419.19, 416
"Durazno", 160.92, 736
"Morron", 2980.20, 654
"Mandarina", 18.08, 1050
"Banana", 52.05, 950
"Pomelo", 52.54, 1008
"Calabaza", 23.20, 960
"Morron", 2943.18, 570
"Ajo", 876.59, 99
"Champignon", 3623.57, 95
"Acelga", 23.43, 1017
"Banana", 71.01, 1110
"Sandia", 59.90, 855
"Lima", 1393.05, 204
"Acelga", 15.92, 738
"Acelga", 19.28, 729
"Pomelo", 61.13, 1008
"Kiwi", 442.42, 324
"Lima", 1243.69, 190
"Pepino", 30.65, 585
"Mandarina", 12.82, 1030
"Frambuesa", 2014.01, 87
"Lechuga", 43.02, 837
"Durazno", 132.90, 784
"Repollo", 7.41, 665
"Rabanito", 237.03, 309
"Rabanito", 222.96, 279
"Apio", 64.03, 345
"Mandarina", 18.05, 810
"Mandarina", 27.09, 1200
"Alcachofa", 148.22, 306
"Apio", 53.56, 249
"Zanahoria", 35.85, 672
"Repollo", 5.48, 637
"Ajo", 900.49, 102
"Cebolla", 67.38, 688
"Acelga", 18.81, 792
"Manzana", 156.03, 1030
"Lima", 1195.49, 220
"Frambuesa", 1985.51, 115
"Berenjena", 54.52, 666
"Zuccini", 69.28, 600
"Pera", 147.08, 1080
"Ajo", 947.65, 106
"Durazno", 133.57, 920
"Banana", 74.37, 830
"Pepino", 32.10, 455
"Acelga", 20.57, 963
"Coliflor", 33.57, 430
"Papa", 13.11, 1050
"Acelga", 25.51, 828
"Lima", 1315.34, 166
"Repollo", 5.43, 756
"Palta", 1102.94, 368
"Manzana", 148.93, 1060
"Berenjena", 58.60, 636
"Alcachofa", 136.81, 273
"Durazno", 269.73, 872
"TomCherry", 561.54, 186
"Acelga", 17.07, 828
"Palta", 481.42, 470
"Manzana", 119.88, 920
"Naranja", 13.32, 1010
"Alcachofa", 145.67, 258
"Zanahoria", 42.34, 630
"Lima", 1337.90, 168
"Choclo", 46.01, 249
"Pera", 127.56, 1190
"Calabaza", 14.81, 896
"Morron", 2991.74, 624
"Durazno", 184.35, 656
"Zanahoria", 33.60, 696
"Esparrago", 635.28, 164
"Kinoto", 34.77, 220
"Acelga", 27.53, 936
"Frutilla", 275.91, 318
"Zuccini", 91.25, 648
"Naranja", 18.77, 1180
"Limon", 298.24, 749
"Acelga", 24.42, 1071
"Durazno", 149.53, 848
"Repollo", 3.13, 700
"Palta", 1222.48, 460
"Palta", 1125.81, 428
"Kiwi", 433.83, 376
"Higo", 2544.99, 95
"Morron", 2868.41, 528
"Rabanito", 217.57, 354
"Esparrago", 588.38, 176
"Palta", 1120.07, 340
"Repollo", 4.85, 756
"Choclo", 65.42, 342
"Frutilla", 272.68, 252
"Ajo", 916.79, 109
"Ajo", 909.66, 81
"Papa", 20.64, 1110
"Palta", 1210.60, 380
"Banana", 64.88, 1060
"Limon", 331.45, 665
"Berenjena", 53.57, 618
"Durazno", 142.28, 648
"Lima", 1215.90, 168
"Cebolla", 68.94, 888
"Kiwi", 425.79, 428
"Lima", 1358.86, 240
"Tomate", 725.54, 954
"Zuccini", 83.64, 576
"Mandarina", 26.72, 890
"Champignon", 3643.67, 104
"Palta", 495.44, 510
"Papa", 19.03, 1100
"Pera", 160.36, 880
"Durazno", 252.37, 768
"Papa", 12.80, 1060
"Manzana", 148.34, 890
"Durazno", 180.46, 944
"Batata", 12.26, 1090
"Zanahoria", 34.08, 678
"Melon", 95.05, 328
"Ciruela", 979.94, 864
"Durazno", 162.76, 864
"Esparrago", 672.56, 236
"Ciruela", 875.71, 774
"Limon", 337.67, 602
"Lechuga", 46.03, 990
"Kiwi", 409.03, 428
"Palta", 458.48, 420
"Morron", 3001.72, 504
"Batata", 24.49, 870
"Durazno", 155.22, 800
"Sandia", 56.25, 1017
"Limon", 363.96, 630
"Limon", 357.56, 742
"Pepino", 34.53, 570
"Banana", 76.74, 800
"Kiwi", 442.71, 456
"Apio", 53.47, 342
"Morron", 2833.03, 606
"Berenjena", 57.48, 540
"Caqui", 822.20, 106
"Pera", 141.67, 900
"Tomate", 732.28, 990
"Zanahoria", 25.31, 546
"Calabaza", 30.19, 920
"Naranja", 12.33, 1150
"Zanahoria", 26.34, 570
"Calabaza", 25.91, 808
"Calabaza", 15.53, 664
"Frutilla", 312.37, 348
"Cereza", 1013.13, 222
"Lima", 1063.97, 234
"Morron", 2979.00, 540
"Alcachofa", 148.29, 303
"Kiwi", 410.18, 352
"Banana", 84.24, 1070
"Zanahoria", 36.56, 612
"Higo", 2473.77, 103
"Papa", 19.34, 950
"Kinoto", 42.53, 236
"Coliflor", 30.04, 450
"Durazno", 167.83, 808
"Zanahoria", 32.04, 696
"TomCherry", 526.62, 172
"Caqui", 850.91, 89
"Palta", 1165.05, 412
"Kiwi", 444.77, 356
"Ajo", 873.42, 98
"Durazno", 278.67, 712
"Coliflor", 31.81, 400
"Higo", 2455.13, 107
"Palta", 1158.03, 372
"Rabanito", 214.18, 339
"Brocoli", 384.83, 480
"Coliflor", 33.49, 450
"Pera", 149.28, 940
"Pepino", 43.21, 495
"Acelga", 25.22, 954
"Manzana", 147.00, 1020
"Tomate", 727.74, 972
"Pepino", 50.65, 500
"Zanahoria", 35.66, 660
"Ajo", 916.85, 97
"Naranja", 13.16, 990
"Apio", 44.36, 264
"Cebolla", 79.21, 728
"Choclo", 68.75, 312
"Coliflor", 25.15, 530
"Mandarina", 29.16, 1030
"Champignon", 3621.32, 96
"Durazno", 281.29, 760
"Acelga", 27.60, 792
"Pera", 162.87, 1120
"Palta", 505.88, 525
"Pepino", 39.97, 480
"Lima", 1359.44, 228
"TomCherry", 579.54, 198
"Kiwi", 447.59, 432
"Ciruela", 981.37, 927
"Durazno", 167.84, 752
"Durazno", 246.41, 752
"Calabaza", 20.08, 784
"Durazno", 123.83, 648
"Manzana", 142.81, 1080
"Zuccini", 78.55, 696
"Manzana", 137.83, 1010
"Caqui", 840.37, 82
"Morron", 2912.94, 588
"Brocoli", 387.85, 396
"Ajo", 910.27, 94
"Melon", 107.80, 324
"Banana", 62.77, 870
"Rabanito", 227.69, 342
"Mandarina", 20.10, 1070
"Limon", 331.17, 644
"Papa", 19.22, 960
"Lima", 1147.80, 218
"Higo", 2472.49, 118
"Zuccini", 92.40, 696
"Lechuga", 35.96, 981
"Morron", 2927.99, 684
"TomCherry", 545.66, 216
"Choclo", 49.93, 267
"Lima", 1394.16, 184
"Lima", 1210.37, 196
"Repollo", 6.82, 588
"Rabanito", 234.98, 252
"Banana", 65.77, 810
"Manzana", 146.83, 1020
"Pera", 139.74, 1080
"Naranja", 12.40, 800
"Sandia", 55.49, 900
"Manzana", 145.38, 1060
"Calabaza", 18.65, 856
"Lima", 1384.92, 230
"Frutilla", 278.28, 327
"Tomate", 782.54, 1008
"Lima", 1202.58, 182
"Pomelo", 55.19, 774
"Batata", 15.60, 990
"Morron", 2891.06, 606
"Alcachofa", 128.99, 246
"Lima", 987.55, 182
"Pepino", 36.53, 425
"Palta", 1113.94, 448
"Palta", 534.56, 580
"Champignon", 3655.98, 81
"Sandia", 65.37, 1053
"Zuccini", 101.41, 540
"TomCherry", 564.98, 184
"Sandia", 52.63, 999
"Durazno", 145.17, 752
"Zanahoria", 43.10, 600
"Frutilla", 283.82, 285
"Lima", 999.83, 224
"Naranja", 15.73, 900
"Papa", 18.61, 1150
"Melon", 114.03, 388
"Coliflor", 33.26, 400
"Calabaza", 23.45, 952
"Uva", 663.34, 255
"Choclo", 53.33, 306
"Papa", 9.92, 880
"Zuccini", 83.87, 534
"Tomate", 760.06, 873
"Apio", 54.68, 303
"Ciruela", 946.68, 801
"Calabaza", 20.67, 808
"Sandia", 57.10, 936
"Papa", 22.84, 1180
"Frutilla", 301.98, 339
"Pera", 146.65, 940
"Palta", 458.33, 510
"Mandarina", 28.61, 1180
"Papa", 16.36, 860
"Lima", 1360.80, 212
"Zanahoria", 33.57, 636
"Zuccini", 82.03, 486
"Melon", 101.52, 352
"Repollo", 6.47, 658
"TomCherry", 554.80, 192
"Coliflor", 30.36, 535
"Acelga", 16.72, 864
"Zanahoria", 32.46, 666
"Pomelo", 43.62, 864
"Melon", 101.30, 340
"Banana", 65.57, 1140
"Caqui", 833.05, 98
"Esparrago", 631.22, 218
"Manzana", 137.10, 910
"Alcachofa", 151.17, 330
"Kiwi", 443.45, 460
"Berenjena", 56.76, 540
"Lima", 1038.91, 190
"Limon", 316.53, 574
"Banana", 55.20, 820
"Cereza", 996.08, 196
"Brocoli", 320.39, 424
"Champignon", 3537.89, 99
"Brocoli", 365.43, 404
"Durazno", 158.66, 648
"Lechuga", 44.09, 1035
"Calabaza", 20.31, 832
"Kiwi", 460.71, 468
"Palta", 1156.94, 424
"Mandarina", 13.66, 880
"Coliflor", 28.88, 575
"Mandarina", 12.66, 1090
"Limon", 309.88, 742
"Kinoto", 29.67, 224
"Pepino", 42.25, 565
"Pepino", 42.29, 490
"Durazno", 303.35, 680
"Apio", 51.99, 345
"Cereza", 970.62, 214
"Zuccini", 84.49, 714
"Lima", 1184.44, 222
"Frambuesa", 2031.13, 117
"Alcachofa", 151.93, 273
"Papa", 5.69, 960
"Naranja", 16.50, 890
"Ciruela", 967.60, 792
"Durazno", 288.69, 720
"Tomate", 757.13, 963
"Pera", 140.91, 980
"Banana", 59.93, 1150
"Lechuga", 41.72, 774
"Uva", 708.88, 327
"Berenjena", 53.02, 504
"Champignon", 3576.74, 116
"Limon", 314.42, 693
"Pepino", 38.97, 555
"Berenjena", 54.30, 696
"Frambuesa", 2068.57, 101
"Mandarina", 20.93, 1150
"Melon", 111.87, 348
"Frambuesa", 2116.76, 98
"Lechuga", 35.25, 1008
"Lima", 1313.58, 210
"Sandia", 41.25, 846
"Palta", 464.57, 415
"Higo", 2618.85, 82
"Naranja", 13.99, 1070
"Calabaza", 22.73, 840
"Acelga", 23.86, 1017
"Acelga", 23.08, 927
"Higo", 2501.90, 80
"Mandarina", 28.64, 890
"Durazno", 176.67, 688
"Rabanito", 224.42, 264
"Palta", 1123.44, 432
"Melon", 131.80, 412
"Frambuesa", 2059.50, 87
"Durazno", 152.15, 848
"Alcachofa", 116.55, 360
"Calabaza", 25.32, 776
"Lima", 1387.22, 204
"Lima", 1455.85, 190
"Kiwi", 402.19, 356
"Mandarina", 26.35, 1180
"Durazno", 150.33, 960
"Esparrago", 639.89, 188
"Durazno", 251.18, 808
"Mandarina", 17.01, 1030
"Zanahoria", 35.11, 594
"Melon", 93.69, 400
"Durazno", 185.73, 960
"Caqui", 826.37, 99
"Banana", 54.52, 1110
"Alcachofa", 129.70, 246
"Zuccini", 82.22, 504
"Lima", 1008.57, 230
"Naranja", 10.45, 1110
"Lima", 1072.62, 224
"Apio", 54.68, 267
"Uva", 723.18, 291
"Palta", 1058.09, 408
"Kiwi", 455.35, 448
"Ciruela", 954.81, 846
"Caqui", 805.25, 100
"Zuccini", 102.38, 600
"Zanahoria", 42.36, 660
"Uva", 726.15, 324
"Lima", 1334.72, 212
"Caqui", 864.95, 90
"Alcachofa", 145.89, 291
"Coliflor", 26.78, 405
"Durazno", 128.10, 808
"Rabanito", 214.15, 255
"Naranja", 22.39, 980
"Morron", 3075.77, 504
"Morron", 2925.42, 564
"Kiwi", 430.95, 472
"Durazno", 138.03, 832
"Apio", 66.27, 294
"Zuccini", 77.86, 570
"Frutilla", 241.59, 267
"Tomate", 791.04, 783
"Frambuesa", 2085.43, 112
"Kiwi", 406.28, 396
"Pera", 151.09, 920
"Palta", 524.75, 540
"Uva", 738.78, 285
"Rabanito", 216.33, 273
"Kinoto", 37.43, 174
"Durazno", 146.51, 712
"Higo", 2489.36, 103
"Lima", 1402.72, 222
"Palta", 480.86, 410
"Banana", 69.83, 1050
"Zuccini", 98.96, 528
"Repollo", 8.02, 714
"Brocoli", 359.36, 332
"Frutilla", 262.27, 261
"Acelga", 20.59, 1044
"Sandia", 64.52, 828
"Acelga", 24.76, 801
"Uva", 684.67, 249
"Champignon", 3628.34, 97
"Lima", 1009.66, 236
"Berenjena", 47.84, 666
"Banana", 63.16, 1130
"Durazno", 277.43, 792
"Lima", 1346.81, 178
"Tomate", 727.16, 999
"Durazno", 189.23, 920
"Rabanito", 203.21, 261
"Sandia", 56.14, 1008
"Calabaza", 12.63, 952
"Naranja", 12.70, 1140
"Zanahoria", 30.12, 528
"Lechuga", 38.51, 738
"Sandia", 56.91, 738
"Durazno", 291.62, 800
"Mandarina", 27.09, 1030
"Ajo", 884.64, 95
"Zanahoria", 25.54, 612
"Mandarina", 23.18, 810
"Choclo", 73.93, 339
"Naranja", 14.71, 920
"Lima", 1199.62, 188
"Calabaza", 19.65, 736
"Champignon", 3539.45, 108
"Sandia", 59.35, 828
"Calabaza", 20.89, 848
"Apio", 61.73, 294
"Rabanito", 238.31, 354
"Cebolla", 71.34, 792
"Banana", 79.19, 920
"Mandarina", 13.29, 990
"Kinoto", 38.80, 220
"Tomate", 767.60, 819
"Esparrago", 651.70, 196
"Banana", 70.76, 1130
"Palta", 1148.97, 396
"Palta", 1165.35, 320
"Champignon", 3586.86, 90
"Ciruela", 931.76, 1053
"Pera", 148.94, 950
"Rabanito", 217.66, 303
"Lechuga", 42.50, 927
"Morron", 2942.98, 498
"Pera", 163.45, 1100
"Apio", 60.59, 360
"Mandarina", 14.06, 840
"Caqui", 851.52, 116
"Morron", 2914.49, 582
"Alcachofa", 156.05, 309
"Durazno", 141.34, 824
"Choclo", 56.07, 306
"Morron", 2979.31, 594
"Cebolla", 72.51, 784
"Kinoto", 26.73, 214
"Brocoli", 377.22, 400
"Melon", 120.21, 456
"Lima", 1385.62, 160
"Champignon", 3624.40, 105
"Coliflor", 29.58, 525
"Papa", 17.59, 1150
"Lima", 1375.81, 172
"Acelga", 26.52, 819
"Papa", 15.21, 810
"Zanahoria", 22.41, 492
"Repollo", 6.42, 686
"Lima", 1040.58, 238
"Esparrago", 620.61, 190
"Tomate", 784.83, 837
"Lima", 1028.85, 214
"Coliflor", 28.54, 580
"Pepino", 41.19, 450
"Pera", 130.34, 1080
"Kiwi", 439.51, 392
"Cebolla", 67.38, 832
"Zanahoria", 34.81, 588
"Lima", 1348.89, 238
"Berenjena", 49.35, 504
"Ciruela", 923.48, 720
"Zuccini", 89.48, 528
"Kiwi", 456.93, 376
"Kinoto", 40.21, 204
"Durazno", 128.50, 848
"Choclo", 55.87, 345
"Durazno", 265.10, 888
"Champignon", 3554.97, 88
"Durazno", 130.32, 824
"Sandia", 47.38, 1080
"Apio", 50.96, 240
"Palta", 494.07, 465
"Esparrago", 624.93, 206
"Mandarina", 25.72, 1080
"Pepino", 37.05, 585
"Berenjena", 49.73, 678
"Higo", 2476.23, 93
"Morron", 2829.72, 654
"Palta", 471.49, 560
"Coliflor", 27.99, 515
"Apio", 73.74, 351
"Manzana", 155.69, 830
"Mandarina", 19.26, 1070
"Durazno", 183.31, 920
"Tomate", 731.56, 792
"Repollo", 6.19, 756
"Alcachofa", 152.47, 243
"Frutilla", 305.22, 336
"Papa", 18.51, 990
"Esparrago", 631.88, 236
"Acelga", 27.97, 828
"Kiwi", 416.43, 328
"Sandia", 64.67, 900
"Lima", 1384.33, 190
"TomCherry", 549.27, 160
"Calabaza", 15.32, 800
"Caqui", 858.66, 88
"Kiwi", 427.36, 464
"Melon", 99.71, 408
"Naranja", 18.11, 1030
"Naranja", 16.89, 1130
"Kinoto", 23.10, 236
"Pomelo", 46.70, 1026
"Ciruela", 962.47, 954
"Lima", 1206.01, 218
"Melon", 99.19, 476
"Lima", 1188.12, 212
"Lima", 954.59, 180
"Pera", 168.74, 910
"Coliflor", 35.71, 585
"Palta", 1170.75, 416
"Rabanito", 219.32, 309
"Alcachofa", 138.17, 342
"Cebolla", 54.94, 744
"Pepino", 25.01, 430
"Cebolla", 66.58, 664
"Coliflor", 31.07, 530
"Choclo", 54.20, 291
"Lima", 1386.12, 178
"Alcachofa", 145.40, 285
"TomCherry", 576.40, 234
"Naranja", 13.04, 950
"Batata", 14.51, 960
"Rabanito", 216.29, 336
"Banana", 70.07, 980
"Caqui", 828.31, 101
"Choclo", 51.50, 261
"TomCherry", 555.72, 204
"Morron", 2925.04, 492
"Pepino", 37.58, 560
"Calabaza", 20.85, 776
"Palta", 475.94, 550
"Caqui", 864.18, 110
"Melon", 95.06, 408
"Banana", 64.24, 900
"Lima", 1191.36, 230
"Cebolla", 61.44, 840
"Frutilla", 281.23, 336
"Higo", 2452.19, 88
"Zuccini", 64.99, 678
"Calabaza", 31.35, 648
"Choclo", 57.38, 267
"Palta", 1144.97, 364
"Durazno", 157.62, 664
"Choclo", 53.78, 264
"Limon", 317.66, 756
"Zuccini", 95.78, 576
"Tomate", 724.80, 963
"Mandarina", 18.23, 1110
"Brocoli", 330.31, 360
"Pera", 156.57, 810
"Calabaza", 35.98, 776
"Choclo", 60.83, 249
"Berenjena", 55.96, 522
"Repollo", 6.80, 686
"Pomelo", 56.68, 855
"Esparrago", 631.30, 164
"Brocoli", 359.48, 324
"Pera", 143.47, 810
"Manzana", 152.33, 960
"Brocoli", 367.98, 468
"Higo", 2423.64, 108
"Pomelo", 42.82, 864
"Frutilla", 324.39, 267
"Papa", 17.98, 970
"Lechuga", 40.17, 1008
"Lechuga", 40.07, 1044
"Ciruela", 925.78, 819
"Batata", 17.03, 1060
"Melon", 111.33, 480
"Ciruela", 916.27, 882
"Zuccini", 88.07, 570
"Kinoto", 25.96, 206
"Papa", 18.41, 930
"Rabanito", 239.00, 252
"TomCherry", 548.49, 188
"Pomelo", 53.93, 792
"Ciruela", 1039.15, 1062
"Berenjena", 46.98, 690
"Kiwi", 422.33, 456
"Sandia", 62.34, 792
"Uva", 725.00, 267
"Alcachofa", 131.29, 258
"Palta", 493.00, 575
"Ajo", 877.84, 115
"Zuccini", 76.39, 648
"Batata", 20.42, 950
"Zuccini", 91.84, 630
"Lima", 1387.07, 234
"Manzana", 114.47, 1000
"Batata", 14.95, 1140
"Naranja", 5.35, 1110
"Champignon", 3628.34, 93
"TomCherry", 601.24, 168
"Zuccini", 91.04, 522
"Sandia", 56.36, 882
"Pomelo", 38.46, 801
"Kinoto", 26.59, 210
"Acelga", 20.68, 891
"Caqui", 817.03, 85
"Esparrago", 614.88, 162
"Rabanito", 224.22, 276
"Repollo", 3.28, 721
"Alcachofa", 136.05, 270
"Uva", 707.42, 300
"Coliflor", 34.96, 555
"Brocoli", 354.82, 320
"Acelga", 16.08, 945
"Ciruela", 995.39, 1062
"Sandia", 64.44, 783
"Palta", 1090.82, 400
"Melon", 101.28, 456
"Palta", 485.95, 520
"Naranja", 9.81, 1200
"Zanahoria", 37.32, 564
"Ajo", 915.82, 104
"Calabaza", 19.56, 920
"Lima", 1258.48, 206
"Palta", 517.67, 565
"Lima", 1031.63, 214
"Lima", 1046.46, 224
"Palta", 1103.29, 372
"Kiwi", 428.40, 376
"Batata", 17.15, 1160
"Apio", 68.84, 279
"Alcachofa", 157.32, 342
"Naranja", 15.31, 1190
"Morron", 2993.33, 570
"Ciruela", 949.15, 756
"Coliflor", 22.71, 410
"Palta", 1117.21, 448
"Esparrago", 626.21, 182
"Kiwi", 444.19, 344
"Cebolla", 65.28, 776
"Alcachofa", 142.96, 321
"Palta", 1107.75, 336
"Manzana", 142.88, 1150
"Frutilla", 324.47, 264
"Sandia", 41.73, 945
"Tomate", 812.01, 828
"Sandia", 62.97, 1071
"Frambuesa", 2017.03, 113
"Papa", 20.31, 990
"Apio", 49.38, 336
"Alcachofa", 129.54, 354
"Durazno", 136.15, 880
"Pepino", 43.55, 440
"Pepino", 37.56, 480
"Cebolla", 66.85, 856
"Mandarina", 16.88, 1120
"Choclo", 66.95, 291
"Lechuga", 39.67, 999
"Cereza", 1039.86, 168
"Caqui", 832.15, 94
"Alcachofa", 163.23, 264
"Champignon", 3562.25, 120
"Calabaza", 15.57, 848
"Pomelo", 39.52, 801
"Lima", 1369.00, 166
"Mandarina", 10.34, 840
"Rabanito", 234.66, 330
"Zanahoria", 38.18, 666
"Repollo", 4.80, 833
"Palta", 496.48, 440
"Palta", 1169.75, 452
"Tomate", 752.96, 963
"Mandarina", 18.08, 1150
"Lechuga", 49.56, 999
"Berenjena", 53.86, 558
"Durazno", 158.21, 696
"Rabanito", 221.42, 285
"Acelga", 19.19, 1044
"Lima", 1210.53, 232
"Ajo", 872.79, 107
"Champignon", 3634.64, 115
"Frambuesa", 2062.17, 87
"Cebolla", 63.31, 920
"Apio", 69.01, 261
"Caqui", 807.32, 85
"Manzana", 126.69, 880
"Papa", 15.14, 1090
"Manzana", 130.45, 1180
"Apio", 64.33, 324
"TomCherry", 541.50, 206
"Durazno", 140.38, 648
"Zuccini", 81.40, 534
"Tomate", 745.79, 981
"Naranja", 10.75, 1180
"Coliflor", 31.31, 400
"Caqui", 855.94, 117
"Melon", 108.73, 352
"Cereza", 1078.84, 226
"Repollo", 6.30, 770
"Pomelo", 37.83, 864
"Lechuga", 38.96, 990
"Limon", 321.93, 588
"Lima", 1373.84, 170
"Choclo", 54.67, 312
"Limon", 355.01, 588
"Durazno", 165.21, 936
"Palta", 1148.15, 428
"Lima", 1184.66, 188
"Kinoto", 31.96, 222
"Morron", 2952.98, 720
"Lima", 1244.62, 182
"Naranja", 10.28, 880
"Mandarina", 21.94, 1160
"Calabaza", 23.12, 736
"Sandia", 70.63, 972
"Palta", 468.83, 500
"Calabaza", 13.40, 792
"Apio", 58.42, 324
"Berenjena", 50.31, 582
"Tomate", 787.22, 720
"Pera", 143.11, 1060
"Mandarina", 25.87, 1060
"Frutilla", 288.15, 279
"Naranja", 15.18, 930
"Manzana", 131.56, 830
"Mandarina", 16.27, 1100
"Calabaza", 20.13, 800
"Acelga", 26.69, 819
"Ciruela", 967.21, 954
"Cereza", 1023.27, 190
"Naranja", 9.63, 990
"Apio", 47.68, 273
"Apio", 63.94, 354
"Palta", 1078.48, 396
"Ciruela", 1017.73, 828
"Durazno", 150.38, 656
"Frambuesa", 2055.48, 93
"Lechuga", 32.95, 1017
"Cebolla", 70.41, 800
"Repollo", 4.27, 616
"Papa", 17.56, 920
"Banana", 48.46, 1190
"Cebolla", 67.40, 928
"Banana", 76.51, 1080
"Durazno", 191.20, 656
"Pomelo", 44.35, 720
"Pepino", 36.08, 525
"Lechuga", 43.21, 756
"Brocoli", 342.28, 424
"TomCherry", 548.96, 164
"Ciruela", 936.88, 999
"Melon", 87.26, 428
"Zuccini", 83.40, 708
"Ciruela", 984.11, 837
"Melon", 113.56, 400
"Sandia", 61.44, 873
"Zanahoria", 34.97, 624
"Acelga", 23.17, 774
"Kinoto", 33.13, 240
"Naranja", 7.22, 980
"Palta", 1147.17, 352
"Ajo", 945.70, 85
"Berenjena", 47.38, 564
"Cebolla", 52.59, 856
"Papa", 14.90, 890
"Berenjena", 55.72, 654
"Cebolla", 64.65, 800
"Choclo", 45.90, 306
"Batata", 24.02, 850
"Kinoto", 20.22, 188
"Limon", 337.62, 777
"Berenjena", 55.07, 576
"Kiwi", 427.80, 424
"Palta", 1191.85, 400
"Frambuesa", 1985.95, 108
"Batata", 22.60, 990
"TomCherry", 540.48, 238
"Sandia", 61.02, 1017
"Ajo", 866.93, 88
"Durazno", 126.20, 880
"Ciruela", 944.35, 1062
"Papa", 16.78, 800
"Choclo", 41.06, 255
"Zanahoria", 46.96, 498
"Repollo", 5.64, 644
"Durazno", 144.87, 896
"Kiwi", 425.76, 460
"Berenjena", 48.46, 696
"Lima", 1401.03, 162
"Champignon", 3592.22, 84
"Kiwi", 437.39, 424
"Mandarina", 31.53, 890
"Kiwi", 422.64, 456
"Berenjena", 54.16, 684
"Alcachofa", 132.28, 258
"Choclo", 61.94, 258
"Kinoto", 43.24, 212
"Ajo", 899.48, 118
"Acelga", 21.10, 837
"Pera", 142.87, 890
"Ajo", 894.54, 94
"Limon", 320.58, 840
"Apio", 62.33, 267
"Frutilla", 320.30, 285
"Papa", 19.35, 800
"Uva", 655.35, 357
"Alcachofa", 139.37, 330
"Zuccini", 78.86, 516
"Caqui", 813.74, 111
"Durazno", 181.13, 864
"Berenjena", 54.66, 582
"Ajo", 865.77, 104
"Palta", 470.87, 550
"Kiwi", 415.20, 364
"Kinoto", 39.63, 172
"Naranja", 11.95, 1080
"Naranja", 9.74, 1070
"Lima", 1304.16, 234
"Caqui", 811.74, 118
"Lechuga", 46.41, 900
"Frambuesa", 2090.75, 113
"Sandia", 69.14, 1035
"Repollo", 5.09, 651
"Palta", 481.25, 545
"Cereza", 1021.42, 220
"Lima", 1200.59, 200
"Calabaza", 28.10, 664
"Mandarina", 18.50, 910
"Banana", 71.00, 1190
"Berenjena", 34.41, 534
"Cebolla", 64.96, 664
"Apio", 65.64, 285
"Zanahoria", 35.19, 504
"Cebolla", 62.64, 664
"Higo", 2460.19, 105
"Manzana", 138.66, 960
"Coliflor", 29.25, 440
"Cereza", 1035.39, 168
"Mandarina", 23.49, 1010
"Repollo", 7.10, 560
"Naranja", 16.81, 860
"Higo", 2538.00, 117
"Banana", 65.44, 1160
"Apio", 55.23, 321
"Esparrago", 601.72, 216
"Coliflor", 35.82, 595
"Esparrago", 579.66, 172
"Apio", 51.02, 357
"Durazno", 159.39, 744
"Zanahoria", 39.29, 666
"Limon", 323.70, 630
"Tomate", 725.22, 918
"Frambuesa", 2039.19, 117
"Lechuga", 37.16, 927
"Tomate", 805.35, 1062
"Lima", 1216.13, 162
"Higo", 2500.86, 92
"Durazno", 239.57, 872
"Melon", 96.32, 320
"Melon", 91.23, 352
"Manzana", 161.30, 1180
"Cereza", 1069.74, 160
"Durazno", 159.10, 672
"Ciruela", 955.49, 792
"Pomelo", 55.48, 792
"Champignon", 3669.69, 85
"Kiwi", 431.12, 364
"Kinoto", 21.67, 238
"Frambuesa", 1990.34, 99
"Repollo", 4.50, 623
"Calabaza", 31.65, 808
"Frutilla", 310.68, 264
"Lechuga", 27.61, 1026
"Lima", 1026.44, 166
"Morron", 2970.22, 480
"Manzana", 142.05, 1120
"Kiwi", 455.03, 416
"Alcachofa", 140.25, 345
"Champignon", 3579.00, 107
"Mandarina", 23.72, 820
"Mandarina", 20.27, 1010
"Tomate", 744.51, 801
"Champignon", 3582.10, 94
"Brocoli", 395.82, 332
"Acelga", 21.78, 747
"Cebolla", 61.35, 752
"Mandarina", 15.29, 830
"Calabaza", 19.83, 776
"Higo", 2525.49, 95
"Berenjena", 63.76, 480
"TomCherry", 561.77, 222
"Calabaza", 19.31, 768
"Cebolla", 63.72, 872
"Rabanito", 234.01, 243
"Durazno", 310.08, 672
"Durazno", 159.97, 944
"Alcachofa", 167.82, 288
"Ajo", 930.52, 97
"Naranja", 12.96, 1180
"Zuccini", 97.61, 696
"Tomate", 723.87, 864
"Batata", 28.17, 1040
"Morron", 2974.70, 480
"Kinoto", 21.69, 208
"Durazno", 236.16, 808
"Pepino", 49.19, 405
"Manzana", 135.53, 1140
"Ajo", 927.76, 116
"Banana", 75.56, 910
"Apio", 52.87, 261
"Calabaza", 23.16, 864
"Naranja", 24.65, 890
"Alcachofa", 145.78, 252
"Brocoli", 352.51, 376
"Caqui", 814.70, 80
"Champignon", 3673.57, 116
"Calabaza", 24.88, 648
"Repollo", 5.36, 826
"TomCherry", 520.16, 166
"Kinoto", 42.81, 210
"Pepino", 40.97, 420
"Pepino", 36.94, 530
"Higo", 2419.99, 94
"Limon", 327.45, 637
"Naranja", 19.18, 1180
"Uva", 705.14, 282
"Apio", 70.69, 291
"Alcachofa", 141.66, 351
"Naranja", 12.06, 880
"Kiwi", 446.33, 456
"Naranja", 18.08, 920
"Pera", 142.86, 840
"Frambuesa", 2103.49, 116
"Lima", 1356.19, 178
"Mandarina", 19.99, 1130
"Acelga", 25.41, 1017
"Uva", 762.65, 282
"Lima", 993.03, 218
"Higo", 2450.41, 93
"Mandarina", 21.03, 950
"Zanahoria", 43.30, 642
"Esparrago", 587.60, 226
"Banana", 52.42, 920
"Lima", 1341.88, 212
"Naranja", 18.04, 900
"Naranja", 14.94, 1020
"Mandarina", 19.02, 1160
"Tomate", 806.28, 927
"Calabaza", 20.41, 696
"Lima", 1248.08, 228
"Sandia", 61.92, 873
"Naranja", 14.82, 1080
"Tomate", 734.58, 1080
"Lima", 1277.85, 236
"Pomelo", 49.55, 999
"Lechuga", 34.36, 738
"Melon", 114.95, 384
"Manzana", 139.60, 1190
"Pepino", 36.34, 430
"Berenjena", 60.06, 678
"Lechuga", 34.90, 801
"Durazno", 265.29, 800
"Manzana", 144.20, 1130
"Melon", 99.59, 448
"Pepino", 34.36, 445
"Brocoli", 355.88, 452
"Mandarina", 12.47, 1100
"Calabaza", 16.95, 824
"Calabaza", 13.54, 928
"Palta", 1092.33, 348
"Cereza", 1051.14, 192
"Banana", 67.52, 1140
"Palta", 1130.11, 356
"Cereza", 1061.30, 174
"Lima", 1261.06, 222
"Lechuga", 40.37, 837
"Zanahoria", 35.06, 714
"Cereza", 984.12, 196
"Coliflor", 22.45, 505
"Berenjena", 50.08, 594
"Caqui", 840.69, 115
"Sandia", 48.19, 927
"Ajo", 924.71, 116
"Palta", 1098.89, 324
"Manzana", 136.88, 950
"Durazno", 155.45, 960
"TomCherry", 531.30, 196
"Palta", 1161.52, 456
"Ciruela", 963.91, 927
"Esparrago", 574.18, 188
"Brocoli", 342.47, 436
"Kinoto", 24.53, 220
"Batata", 18.49, 1000
"Tomate", 721.47, 972
"Frutilla", 267.52, 360
"Caqui", 780.81, 106
"Esparrago", 629.22, 200
"Caqui", 854.83, 93
"Ciruela", 908.28, 792
"Naranja", 13.67, 1170
"TomCherry", 554.87, 222
"Naranja", 11.40, 1090
"Choclo", 66.39, 354
"Pomelo", 43.09, 981
"Limon", 288.29, 833
"Batata", 14.16, 860
"Rabanito", 195.85, 294
"Ciruela", 932.11, 738
"Palta", 479.05, 435
"Frutilla", 317.13, 291
"TomCherry", 538.60, 166
"Durazno", 271.81, 856
"Choclo", 60.05, 339
"Pepino", 43.81, 560
"Kiwi", 445.47, 380
"Limon", 300.52, 728
"Ciruela", 913.76, 1035
"Naranja", 8.41, 1150
"Zuccini", 83.70, 582
"Brocoli", 387.32, 348
"Calabaza", 18.82, 760
"Alcachofa", 171.75, 315
"Frutilla", 319.68, 267
"Sandia", 56.69, 1008
"Frambuesa", 2021.04, 100
"Choclo", 49.35, 249
"Lima", 1035.29, 200
"Brocoli", 344.26, 416
"Papa", 23.15, 1030
"Cebolla", 68.97, 784
"Palta", 450.39, 425
"Batata", 23.46, 1030
"Zanahoria", 32.89, 660
"Zuccini", 70.83, 684
"Pepino", 44.83, 575
"Champignon", 3666.04, 108
"Naranja", 18.72, 1150
"TomCherry", 534.76, 214
"Pomelo", 50.77, 819
"Kiwi", 416.69, 468
"Naranja", 15.43, 1150
"Apio", 53.88, 333
"Limon", 328.34, 756
"Rabanito", 246.00, 270
"Papa", 23.13, 930
"Lima", 1007.45, 218
"Morron", 2840.31, 558
"Palta", 1144.15, 380
"Limon", 319.40, 756
"Pera", 150.02, 860
"TomCherry", 563.55, 226
"Lima", 1202.48, 216
"Mandarina", 27.87, 1180
"Coliflor", 21.47, 465
"Tomate", 710.38, 1053
"Champignon", 3505.77, 103
"Mandarina", 16.66, 900
"Acelga", 28.33, 720
"Repollo", 6.33, 714
"Durazno", 259.90, 880
"Frutilla", 319.80, 285
"TomCherry", 553.94, 192
"Lechuga", 35.79, 828
"TomCherry", 557.56, 196
"Calabaza", 19.48, 672
"Morron", 2893.87, 672
"Batata", 19.80, 800
"Cebolla", 66.57, 888
"Ciruela", 997.43, 729
"Lima", 1191.23, 232
"Durazno", 273.24, 816
"Kinoto", 32.15, 236
"Esparrago", 650.52, 220
"Palta", 1133.90, 416
"Caqui", 738.12, 108
"Kiwi", 435.78, 336
"Lechuga", 40.96, 1026
"Zuccini", 89.54, 606
"Ajo", 863.45, 103
"Higo", 2617.06, 115
"Durazno", 147.72, 760
"Kiwi", 414.42, 456
"Ajo", 862.72, 102
"Ajo", 887.78, 110
"Rabanito", 230.60, 360
"Lima", 1006.46, 208
"Durazno", 137.71, 824
"Melon", 91.95, 400
"Alcachofa", 144.09, 357
"Champignon", 3761.33, 84
"Morron", 2940.01, 546
"Lima", 1466.03, 206
"Pera", 144.06, 1200
"Repollo", 4.94, 798
"Sandia", 70.29, 1062
"Banana", 80.29, 880
"Morron", 2972.44, 540
"Champignon", 3613.60, 107
"Banana", 72.48, 1050
"Ajo", 934.19, 97
"Frutilla", 304.60, 315
"Repollo", 7.39, 728
"Coliflor", 25.17, 515
"Durazno", 162.56, 848
"Palta", 1185.24, 480
"Zanahoria", 24.29, 492
"Rabanito", 195.11, 258
"Manzana", 133.62, 1200
"Frutilla", 280.93, 300
"Batata", 18.07, 1150
"Caqui", 761.36, 103
"Zuccini", 92.25, 660
"Lima", 996.85, 182
"Naranja", 17.24, 1020
"Ajo", 949.15, 81
"Ajo", 980.49, 118
"Mandarina", 23.57, 1160
"Pomelo", 51.56, 873
"Ajo", 859.57, 86
"Coliflor", 30.92, 510
"Naranja", 10.67, 900
"Melon", 95.91, 480
"Apio", 71.40, 312
"Palta", 512.35, 530
"Palta", 508.90, 515
"Mandarina", 17.57, 1160
"Choclo", 69.03, 318
"Palta", 1172.11, 432
"Kinoto", 34.98, 200
"Repollo", 5.65, 567
"Durazno", 274.04, 808
"Cebolla", 62.64, 880
"Limon", 310.35, 581
"Brocoli", 330.47, 332
"Pomelo", 45.34, 963
"Pera", 138.30, 1050
"Lima", 1034.86, 196
"Durazno", 117.38, 768
"Zuccini", 70.10, 576
"Naranja", 13.37, 1010
"Palta", 459.16, 430
"Durazno", 153.80, 808
"Durazno", 106.90, 792
"Durazno", 150.67, 808
"Brocoli", 335.99, 448
"Zuccini", 75.86, 534
"Durazno", 130.47, 736
"Naranja", 14.12, 880
"TomCherry", 528.61, 176
"Zuccini", 77.34, 696
"Frutilla", 279.99, 303
"Durazno", 183.57, 856
"Repollo", 4.87, 763
"Champignon", 3601.77, 91
"Lima", 1336.50, 240
"Durazno", 149.79, 856
"Naranja", 4.78, 1090
"Uva", 719.07, 351
"Cereza", 1025.32, 184
"Morron", 2984.71, 558
"Papa", 14.47, 1140
"TomCherry", 553.32, 218
"Acelga", 15.19, 981
"Higo", 2500.37, 112
"Tomate", 777.39, 891
"Durazno", 262.84, 800
"Frutilla", 310.64, 348
"Berenjena", 60.97, 558
"Morron", 2987.73, 612
"Ajo", 949.03, 96
"Cebolla", 70.91, 928
"Batata", 23.86, 1180
"Durazno", 260.43, 752
"Batata", 15.52, 1080
"Brocoli", 323.88, 328
"Kiwi", 445.27, 448
"Naranja", 21.18, 830
"Pomelo", 37.86, 747
"Mandarina", 12.69, 860
"Batata", 18.29, 1140
"Mandarina", 14.48, 1130
"Coliflor", 32.01, 495
"Berenjena", 57.20, 702
"Lima", 1236.82, 198
"Esparrago", 597.67, 176
"Kiwi", 439.35, 428
"Zanahoria", 29.63, 642
"Higo", 2496.00, 110
"Uva", 682.82, 321
"Rabanito", 238.88, 249
"Apio", 57.28, 336
"Lechuga", 50.50, 720
"Cebolla", 66.56, 656
"Palta", 1145.35, 472
"Tomate", 719.70, 720
"Acelga", 22.16, 1035
"Repollo", 4.47, 644
"Apio", 68.33, 267
"Lima", 987.14, 188
"Berenjena", 64.33, 606
"Lechuga", 35.54, 981
"Tomate", 763.51, 1071
"Zuccini", 90.89, 672
"Cereza", 965.61, 202
"Higo", 2408.70, 99
"Manzana", 134.86, 800
"Alcachofa", 128.45, 342
"Zanahoria", 43.80, 702
"Kinoto", 34.19, 214
"Manzana", 130.64, 1030
"Cereza", 1057.57, 172
"Cereza", 1039.77, 176
"Zuccini", 111.09, 672
"Lechuga", 39.18, 1062
"Mandarina", 24.54, 930
"Palta", 1126.92, 324
"Mandarina", 18.34, 970
"Frutilla", 291.58, 303
"Ciruela", 949.72, 1044
"Berenjena", 63.75, 576
"Champignon", 3606.15, 111
"Naranja", 9.62, 1020
"Banana", 53.54, 1120
"Morron", 2977.83, 582
"Banana", 76.33, 890
"Naranja", 14.18, 800
"Brocoli", 374.61, 432
"Pera", 139.91, 870
"Coliflor", 24.56, 600
"Zuccini", 76.76, 498
"Caqui", 848.25, 85
"Cebolla", 51.34, 904
"Palta", 489.70, 580
"Higo", 2545.48, 115
"Pepino", 38.19, 525
"Kinoto", 31.74, 170
"Brocoli", 352.67, 356
"Frambuesa", 1986.98, 105
"Ciruela", 990.20, 783
"Pepino", 26.23, 415
"Mandarina", 11.63, 850
"Ajo", 928.42, 103
"Pomelo", 49.02, 900
"Berenjena", 59.88, 582
"Naranja", 13.44, 1190
"Sandia", 70.01, 837
"Berenjena", 61.09, 720
"Frambuesa", 2069.07, 94
"Pera", 160.06, 930
"Lima", 1014.44, 208
"Manzana", 123.20, 970
"Lima", 987.95, 196
"Acelga", 17.94, 837
"Pera", 153.65, 860
"Apio", 61.53, 276
"Rabanito", 240.07, 270
"Sandia", 65.87, 972
"Durazno", 155.33, 856
"Durazno", 272.03, 640
"Frambuesa", 2050.85, 108
"Banana", 66.10, 940
"Caqui", 771.31, 93
"Banana", 64.44, 1080
"Uva", 734.59, 267
"Limon", 337.13, 798
"Melon", 108.56, 452
"Papa", 19.65, 910
"Ajo", 931.31, 102
"Durazno", 143.08, 824
"Palta", 1154.76, 388
"Pomelo", 55.06, 1062
"TomCherry", 522.07, 218
"Naranja", 21.17, 1170
"Lima", 1017.03, 186
"Brocoli", 352.10, 428
"Mandarina", 11.07, 1130
"Choclo", 48.14, 297
"Sandia", 70.23, 972
"Champignon", 3613.75, 92
"Lima", 1065.96, 192
"Mandarina", 14.56, 1190
"Ajo", 961.48, 111
"Morron", 2911.97, 714
"Cereza", 1016.06, 224
"Ciruela", 952.40, 1080
"Berenjena", 58.98, 702
"Berenjena", 62.54, 720
"Calabaza", 13.36, 664
"Papa", 16.25, 850
"Lechuga", 37.43, 918
"Frutilla", 300.22, 285
"Kinoto", 32.33, 224
"Melon", 97.52, 416
"Naranja", 15.65, 940
"Uva", 718.20, 261
"Ajo", 900.80, 97
"Morron", 2934.67, 696
"Lima", 1020.01, 162
"Lechuga", 46.38, 882
"Sandia", 64.02, 1053
"Manzana", 129.66, 1080
"Esparrago", 656.95, 220
"Naranja", 9.60, 970
"Pepino", 42.53, 520
"Frutilla", 309.96, 333
"Apio", 53.85, 327
"Frambuesa", 2117.74, 85
"Uva", 725.23, 276
"Mandarina", 28.72, 910
"Pera", 167.14, 1180
"Zanahoria", 47.64, 660
"Mandarina", 11.91, 1160
"Zuccini", 69.37, 594
"Zuccini", 89.03, 480
"Sandia", 54.46, 783
"Rabanito", 217.98, 243
"Calabaza", 17.61, 912
"Palta", 533.28, 430
"Rabanito", 202.12, 273
"Naranja", 9.48, 1040
"Higo", 2573.72, 84
"Durazno", 151.76, 776
"Repollo", 6.11, 637
"Manzana", 136.77, 880
"Brocoli", 352.67, 328
"Calabaza", 25.82, 776
"Mandarina", 18.43, 890
"Lima", 983.14, 224
"Pomelo", 33.39, 900
"Sandia", 65.78, 774
"Palta", 1123.15, 480
"Apio", 64.70, 309
"Palta", 502.79, 450
"Ajo", 869.33, 89
"Mandarina", 22.17, 810
"Champignon", 3600.37, 86
"Repollo", 5.27, 595
"Lima", 1065.65, 180
"Morron", 3010.04, 480
"Palta", 1129.48, 368
"Palta", 1125.40, 404
"Pomelo", 56.94, 918
"Lima", 1300.39, 206
"Batata", 20.16, 990
"Champignon", 3601.30, 114
"Pepino", 33.65, 520
"Cebolla", 72.04, 848
"Alcachofa", 158.31, 348
"Uva", 697.95, 261
"Frutilla", 313.51, 273
"Naranja", 21.74, 1070
"Lima", 1437.54, 220
"Cebolla", 59.56, 776
"Pepino", 25.80, 570
"TomCherry", 552.89, 194
"Durazno", 146.65, 704
"Banana", 78.25, 1080
"Lechuga", 43.07, 1008
"Sandia", 63.67, 801
"Naranja", 14.10, 870
"Ciruela", 972.79, 855
"Frutilla", 267.43, 318
"Alcachofa", 159.89, 255
"Palta", 487.94, 600
"Batata", 16.84, 1140
"Melon", 114.63, 384
"Durazno", 148.68, 896
"Naranja", 15.79, 850
"Sandia", 63.59, 765
"Melon", 101.18, 400
"Coliflor", 31.77, 445
"Cebolla", 50.18, 776
"Durazno", 160.99, 736
"Limon", 317.95, 735
"Pera", 156.68, 800
"Manzana", 137.91, 1010
"Repollo", 5.49, 623
"Apio", 58.31, 252
"Palta", 502.07, 440
"Batata", 20.13, 1100
"Repollo", 3.12, 686
"Zuccini", 76.74, 708
"Durazno", 251.56, 760
"Frambuesa", 2057.34, 86
"Acelga", 20.53, 783
"Frambuesa", 2075.62, 109
"Morron", 2977.42, 630
"Melon", 74.09, 472
"Sandia", 73.44, 855
"Pepino", 33.04, 485
"Calabaza", 19.53, 808
"Ciruela", 1009.71, 981
"Ciruela", 948.12, 1044
"Caqui", 837.30, 120
"Frambuesa", 1995.67, 91
"Mandarina", 8.98, 1030
"Lima", 1270.00, 200
"TomCherry", 535.92, 218
"Naranja", 16.13, 840
"Manzana", 138.70, 1140
"Limon", 322.09, 833
"Durazno", 260.69, 848
"Zuccini", 85.67, 594
"Banana", 51.52, 830
"Lima", 1376.46, 200
"Ciruela", 978.56, 1080
"Lima", 1242.79, 174
"Durazno", 263.82, 680
"Rabanito", 206.72, 339
"Lechuga", 28.56, 909
"Durazno", 138.25, 944
"Palta", 1131.13, 448
"Zanahoria", 35.75, 522
"Lima", 1218.44, 234
"Zuccini", 111.47, 678
"Ciruela", 969.02, 1062
"Lima", 1240.20, 188
"Naranja", 9.11, 1080
"Mandarina", 19.88, 1160
"Kiwi", 469.31, 384
"Pera", 162.27, 1160
"Acelga", 25.62, 774
"Repollo", 3.22, 693
"Kinoto", 23.17, 238
"Cebolla", 57.70, 888
"Ciruela", 958.19, 837
"Lima", 1214.94, 220
"Kiwi", 379.69, 416
"Cebolla", 79.14, 648
"Uva", 732.08, 285
"Zanahoria", 28.36, 678
"Pera", 155.21, 1050
"Rabanito", 227.08, 318
"Kinoto", 40.85, 188
"Brocoli", 383.89, 412
"Champignon", 3609.35, 98
"Limon", 341.18, 609
"Repollo", 5.40, 686
"Cebolla", 60.15, 784
"Kinoto", 28.47, 178
"Zuccini", 84.95, 480
"Sandia", 63.41, 855
"Lechuga", 30.98, 873
"Coliflor", 32.79, 405
"Tomate", 731.99, 756
"Cereza", 1074.20, 236
"Zuccini", 90.07, 708
"Melon", 104.77, 396
"Brocoli", 369.17, 472
"Lechuga", 30.62, 981
"Morron", 3010.24, 666
"Palta", 474.96, 550
"Pepino", 38.98, 545
"Tomate", 665.36, 1071
"Frutilla", 297.46, 243
"Cereza", 1020.43, 214
"Durazno", 293.90, 792
"Ciruela", 969.02, 738
"Batata", 12.31, 1150
"Champignon", 3614.26, 87
"Rabanito", 265.70, 354
"Mandarina", 19.08, 930
"Higo", 2501.37, 112
"Cereza", 1034.33, 200
"Lechuga", 31.49, 990
"Durazno", 177.06, 880
"Ajo", 917.08, 103
"TomCherry", 566.00, 166
"Naranja", 16.68, 950
"Palta", 1146.10, 416
"Alcachofa", 141.51, 342
"Limon", 320.70, 833
"Mandarina", 25.82, 1030
"Alcachofa", 136.43, 342
"Banana", 60.53, 1100
"Frutilla", 337.20, 315
"Ajo", 919.28, 103
"Caqui", 799.83, 94
"Frambuesa", 2040.13, 86
"Pepino", 50.90, 555
"Durazno", 265.24, 912
"Morron", 2885.73, 714
"Apio", 57.98, 312
"Lima", 1007.84, 212
"Naranja", 18.43, 1060
"Ajo", 945.32, 102
"Rabanito", 235.79, 246
"Uva", 641.06, 282
"Brocoli", 362.47, 332
"Higo", 2489.10, 109
"Lima", 1407.41, 210
"Frambuesa", 2091.13, 84
"Pera", 147.17, 1100
"Choclo", 48.63, 357
"Alcachofa", 136.34, 282
"Cebolla", 51.89, 744
"Calabaza", 17.05, 920
"Mandarina", 13.73, 1070
"Banana", 48.68, 1040
"Repollo", 2.13, 770
"Limon", 354.41, 637
"Cebolla", 71.32, 792
"Palta", 473.40, 445
"Mandarina", 21.67, 940
"Morron", 2807.83, 504
"Ciruela", 949.23, 918
"TomCherry", 522.95, 236
"Acelga", 16.02, 720
"Calabaza", 13.73, 872
"Frutilla", 314.23, 348
"Cebolla", 77.23, 648
"Alcachofa", 142.02, 279
"Naranja", 25.75, 1110
"Lima", 1355.08, 194
"Melon", 92.41, 444
"Repollo", 6.64, 812
"Calabaza", 17.78, 832
"Mandarina", 27.45, 870
"Esparrago", 669.69, 204
"Coliflor", 24.96, 435
"Tomate", 712.24, 918
"Calabaza", 20.30, 728
"Mandarina", 9.43, 810
"Ciruela", 927.42, 1062
"Papa", 16.62, 940
"Acelga", 21.68, 1026
"Rabanito", 216.18, 327
"Mandarina", 23.49, 1140
"Mandarina", 25.74, 1110
"Palta", 475.46, 570
"Batata", 21.05, 1200
"Papa", 12.29, 800
"Morron", 2935.79, 654
"Limon", 328.70, 630
"TomCherry", 556.76, 174
"Zuccini", 90.79, 600
"Melon", 102.34, 376
"Ajo", 904.51, 118
"Pera", 142.31, 1110
"Brocoli", 352.86, 436
"Choclo", 51.68, 246
"Zanahoria", 28.21, 600
"Tomate", 797.30, 747
"Zuccini", 92.65, 564
"Limon", 328.60, 784
"Choclo", 48.51, 345
"Alcachofa", 134.87, 264
"Pera", 143.36, 920
"TomCherry", 540.57, 212
"Batata", 26.47, 1200
"Manzana", 145.54, 800
"Ciruela", 1001.96, 738
"Lima", 1000.01, 220
"Banana", 67.73, 1100
"Pomelo", 43.87, 720
"Mandarina", 14.82, 1070
"Ciruela", 968.29, 855
"Palta", 1164.56, 432
"Naranja", 19.53, 1200
"Banana", 63.78, 1200
"Cereza", 1074.44, 190
"Frambuesa", 2030.75, 111
"Apio", 49.23, 258
"Batata", 17.14, 960
"Repollo", 4.28, 560
"Frutilla", 276.21, 255
"Repollo", 6.27, 700
"Pomelo", 48.21, 1062
"Cereza", 1014.00, 166
"Pepino", 39.03, 435
"Kiwi", 416.89, 444
"Cebolla", 67.93, 824
"Cebolla", 68.83, 720
"Naranja", 13.78, 910
"Manzana", 140.41, 890
"Morron", 2903.41, 594
"Durazno", 292.56, 752
"Palta", 515.64, 585
"Kinoto", 39.96, 162
"Pera", 138.98, 1100
"Durazno", 166.99, 832
"Champignon", 3629.23, 84
"Kinoto", 33.16, 188
"Lima", 1087.81, 176
"Lima", 1356.56, 240
"Papa", 23.57, 1000
"Lima", 1227.17, 224
"Zuccini", 77.03, 702
"Caqui", 873.27, 115
"Champignon", 3602.04, 119
"Mandarina", 19.21, 840
"Durazno", 160.24, 864
"Lechuga", 35.70, 729
"Lima", 1227.95, 226
"Batata", 25.95, 870
"Lechuga", 43.27, 801
"Kiwi", 437.17, 464
"Uva", 698.84, 279
"Manzana", 142.51, 980
"Limon", 336.53, 798
"Manzana", 130.75, 970
"Frutilla", 319.55, 243
"Acelga", 23.12, 828
"Alcachofa", 155.26, 240
"Palta", 468.96, 470
"Rabanito", 236.61, 303
"Brocoli", 370.00, 408
"Limon", 340.16, 616
"Cereza", 1006.52, 204
"Zanahoria", 38.25, 522
"Brocoli", 344.33, 428
"Cebolla", 66.77, 888
"Zanahoria", 34.72, 684
"Frutilla", 301.84, 360
"Mandarina", 16.34, 850
"Pera", 159.98, 900
"Kinoto", 39.12, 234
"Naranja", 17.49, 890
"Melon", 79.30, 420
"Esparrago", 661.71, 236
"Cebolla", 78.79, 912
"Coliflor", 32.33, 540
"Lima", 1270.03, 238
"Durazno", 274.69, 800
"Zuccini", 82.96, 678
"Durazno", 251.63, 744
"Rabanito", 217.16, 303
"Champignon", 3513.77, 102
"Pomelo", 51.56, 729
"Palta", 504.48, 450
"Repollo", 5.56, 567
"Frambuesa", 2031.31, 118
"Sandia", 60.99, 855
"Calabaza", 22.09, 848
"Lima", 1442.77, 174
"Lima", 1025.73, 196
"Lima", 1211.86, 204
"Cebolla", 55.26, 736
"Alcachofa", 164.78, 252
"Pepino", 36.42, 500
"Pomelo", 52.44, 918
"Frambuesa", 2088.16, 109
"Mandarina", 25.04, 910
"Pomelo", 43.29, 981
"Higo", 2470.68, 84
"Ajo", 911.59, 80
"Papa", 18.29, 1170
"Cebolla", 66.14, 752
"Mandarina", 16.43, 1100
"Coliflor", 31.76, 570
"Manzana", 134.15, 1200
"Batata", 20.56, 1200
"Coliflor", 32.96, 445
"Lima", 1404.96, 226
"Coliflor", 33.91, 500
"Ciruela", 930.47, 1035
"Frambuesa", 2061.32, 97
"Sandia", 62.77, 873
"Lima", 1082.34, 234
"Morron", 2975.22, 714
"Alcachofa", 129.15, 270
"Mandarina", 17.41, 890
"Cereza", 1033.65, 210
"Naranja", 16.09, 920
"Limon", 322.17, 770
"Kinoto", 31.63, 172
"Durazno", 164.47, 792
"Zuccini", 72.41, 660
"Lima", 1348.46, 172
"Caqui", 819.93, 120
"Berenjena", 60.36, 714
"Rabanito", 225.62, 321
"Cereza", 1033.92, 230
"Zuccini", 89.78, 480
"Manzana", 143.90, 1060
"Banana", 64.69, 840
"Durazno", 182.94, 792
"Naranja", 12.70, 1140
"Brocoli", 343.39, 380
"Kiwi", 428.73, 432
"Esparrago", 621.53, 216
"Sandia", 47.63, 774
"Kiwi", 438.90, 460
"Cereza", 951.40, 214
"Berenjena", 60.64, 480
"Manzana", 118.37, 980
"TomCherry", 523.98, 220
"Repollo", 3.61, 630
"Mandarina", 30.22, 860
"Apio", 62.65, 294
"Lima", 1365.07, 182
"Choclo", 48.06, 294
"Ajo", 906.76, 109
"Durazno", 190.73, 752
"Frambuesa", 2027.76, 88
"Lima", 1356.36, 220
"Brocoli", 326.39, 348
"Banana", 58.56, 1180
"Sandia", 63.01, 801
"Mandarina", 16.59, 1010
"Lima", 1041.95, 218
"Ajo", 877.74, 97
"Esparrago", 661.96, 184
"Frutilla", 278.82, 288
"Melon", 113.23, 372
"Limon", 296.77, 840
"Acelga", 12.78, 756
"Apio", 61.80, 297
"Limon", 327.52, 707
"Frutilla", 297.32, 321
"Manzana", 146.42, 900
"Uva", 698.66, 246
"Durazno", 275.98, 816
"Ajo", 911.84, 114
"Manzana", 138.39, 980
"Lima", 1026.30, 220
"Alcachofa", 179.17, 330
"Brocoli", 357.03, 448
"Sandia", 62.69, 765
"Lechuga", 43.57, 1071
"Ciruela", 997.51, 1017
"Pera", 137.00, 1110
"Mandarina", 9.77, 1030
"Acelga", 22.41, 1017
"Durazno", 263.81, 680
"Zanahoria", 32.98, 558
"Champignon", 3609.11, 97
"Batata", 24.54, 880
"Zanahoria", 29.06, 612
"Cereza", 1035.92, 182
"Frutilla", 292.38, 339
"Alcachofa", 130.49, 333
"Coliflor", 27.93, 425
"Acelga", 21.98, 981
"Frutilla", 335.66, 264
"Choclo", 55.59, 351
"Pepino", 41.82, 590
"Pera", 162.40, 1130
"Caqui", 869.39, 83
"Cereza", 1040.07, 186
"Choclo", 36.83, 285
"Cereza", 1083.12, 200
"Frambuesa", 2096.62, 120
"Zuccini", 93.34, 618
"Lima", 1394.43, 170
"Lima", 1209.76, 190
"Zuccini", 85.48, 546
"Brocoli", 355.22, 400
"Uva", 694.18, 288
"Zanahoria", 40.82, 696
"Papa", 15.11, 1180
"Brocoli", 339.01, 412
"Calabaza", 27.10, 760
"Acelga", 19.05, 765
"Sandia", 64.83, 864
"Durazno", 160.77, 944
"Limon", 347.20, 616
"Lima", 1365.49, 222
"Melon", 107.04, 456
"Calabaza", 22.31, 824
"Champignon", 3584.07, 80
"Berenjena", 59.00, 720
"Mandarina", 15.38, 1130
"Lima", 1231.62, 226
"Mandarina", 27.81, 830
"Uva", 744.11, 267
"Kinoto", 44.90, 198
"Uva", 746.44, 297
"Palta", 466.05, 455
"Banana", 73.06, 850
"Manzana", 128.99, 1080
"Brocoli", 357.13, 404
"Kinoto", 32.80, 220
"Lechuga", 41.17, 927
"Choclo", 62.05, 243
"Naranja", 9.34, 900
"Frambuesa", 2022.33, 89
"Zanahoria", 31.44, 702
"Coliflor", 37.74, 600
"Sandia", 66.50, 810
"Sandia", 65.42, 729
"Naranja", 20.85, 1140
"Frutilla", 282.72, 333
"Coliflor", 18.62, 480
"Coliflor", 26.11, 505
"Lima", 1372.21, 168
"Uva", 711.28, 270
"Cereza", 1014.69, 198
"TomCherry", 549.11, 160
"Mandarina", 14.96, 1100
"Cebolla", 59.88, 944
"Esparrago", 656.66, 224
"Papa", 16.05, 960
"Lima", 1244.72, 168
"Champignon", 3682.74, 85
"Zuccini", 81.80, 666
"Lima", 1451.76, 214
"Melon", 112.38, 336
"Berenjena", 49.83, 720
"Repollo", 1.62, 630
"Manzana", 134.51, 840
"Lechuga", 45.46, 864
"Tomate", 727.62, 747
"Frambuesa", 2029.54, 106
"Kiwi", 445.28, 472
"Higo", 2450.48, 102
"Choclo", 60.03, 279
"Banana", 57.92, 920
"Cebolla", 71.02, 768
"Papa", 12.45, 1020
"Pepino", 25.37, 550
"Pera", 135.14, 1000
"Naranja", 2.20, 830
"Pepino", 29.89, 435
"Banana", 63.67, 910
"Limon", 334.15, 749
"Durazno", 183.20, 664
"Zuccini", 92.86, 486
"Melon", 88.86, 436
"Limon", 351.44, 784
"Palta", 485.35, 590
"Repollo", 3.24, 714
"Batata", 17.45, 840
"Sandia", 56.05, 765
"Lima", 1251.07, 202
"Champignon", 3558.57, 83
"Uva", 702.80, 249
"Banana", 74.83, 1010
"Berenjena", 46.41, 546
"Berenjena", 44.35, 702
"Tomate", 710.15, 738
"Berenjena", 51.71, 576
"Lima", 1273.00, 220
"Repollo", 5.21, 756
"Lima", 1346.63, 234
"Pepino", 45.00, 600
"Kinoto", 43.60, 232
"Naranja", 8.75, 850
"Zanahoria", 32.57, 558
"Palta", 1189.09, 428
"Lechuga", 43.64, 945
"Naranja", 14.18, 930
"Lima", 970.10, 176
"Lima", 1429.36, 178
"Uva", 725.00, 354
"Zuccini", 90.81, 618
"Batata", 29.97, 880
"Zuccini", 98.77, 534
"Morron", 2905.87, 552
"Ciruela", 960.75, 1080
"Berenjena", 60.74, 498
"Batata", 20.78, 850
"Lechuga", 34.11, 963
"Coliflor", 38.21, 585
"Cereza", 1009.69, 210
"Morron", 2948.46, 642
"Pera", 141.91, 1110
"Melon", 97.33, 380
"Papa", 12.39, 880
"Kinoto", 32.09, 220
"Esparrago", 605.74, 188
"Rabanito", 228.73, 318
"Champignon", 3695.65, 87
"Brocoli", 357.99, 356
"Cereza", 1081.62, 192
"Coliflor", 32.66, 600
"Frutilla", 299.00, 285
"Lima", 1072.72, 172
"Pomelo", 46.33, 810
"Lima", 1450.48, 222
"Esparrago", 628.35, 164
"Pera", 148.29, 1140
"Sandia", 67.78, 1017
"Zuccini", 87.67, 684
"Berenjena", 62.08, 516
"Banana", 61.91, 1120
"Ciruela", 906.31, 765
"Apio", 55.68, 297
"Choclo", 66.07, 351
"Palta", 1174.24, 428
"Acelga", 25.74, 864
"Calabaza", 21.69, 864
"Higo", 2534.88, 81
"Zuccini", 81.12, 510
"Mandarina", 9.64, 940
"Ajo", 898.52, 119
"Caqui", 861.91, 112
"Kinoto", 22.82, 188
"Lechuga", 35.22, 927
"Tomate", 707.75, 936
"Frambuesa", 2016.69, 109
"Durazno", 132.10, 816
"Naranja", 14.08, 1190
"Banana", 63.91, 810
"Tomate", 745.68, 927
"Ajo", 942.71, 81
"Calabaza", 15.62, 928
"Kiwi", 447.51, 480
"Repollo", 2.91, 672
"Tomate", 767.81, 1053
"Sandia", 69.77, 1053
"Ciruela", 881.61, 783
"Limon", 345.01, 840
"Brocoli", 355.85, 440
"Ajo", 889.69, 95
"Acelga", 24.70, 1062
"Pepino", 32.08, 465
"Palta", 503.24, 415
"Rabanito", 228.59, 342
"Kinoto", 37.63, 186
"Batata", 23.21, 810
"Higo", 2457.67, 98
"Higo", 2537.29, 91
"Durazno", 263.18, 816
"Coliflor", 32.55, 470
"Brocoli", 333.01, 340
"Lima", 1314.67, 186
"Papa", 11.76, 960
"Mandarina", 24.49, 1000
"TomCherry", 559.28, 194
"Limon", 341.93, 560
"Coliflor", 33.96, 445
"Lima", 1308.54, 198
"Durazno", 240.63, 944
"Acelga", 21.12, 909
"Papa", 21.73, 1130
"Zanahoria", 39.32, 564
"Naranja", 14.94, 1000
"Palta", 495.02, 465
"Higo", 2530.48, 86
"Manzana", 122.33, 1020
"Lima", 1046.61, 184
"Alcachofa", 156.42, 261
"Pomelo", 51.38, 873
"Durazno", 178.28, 640
"Champignon", 3556.08, 120
"Acelga", 19.84, 1071
"Cereza", 1046.08, 212
"Batata", 16.20, 880
"Uva", 698.29, 258
"Lima", 1418.63, 238
"Coliflor", 28.72, 510
"Champignon", 3635.18, 117
"Palta", 1142.73, 412
"Ciruela", 960.26, 1017
"Frambuesa", 2117.16, 87
"Limon", 312.77, 721
"Lechuga", 47.31, 1044
"Apio", 58.46, 252
"Berenjena", 59.43, 516
"Naranja", 19.74, 1130
"Lima", 1018.21, 188
"Cereza", 1076.20, 188
"Uva", 707.99, 240
"Sandia", 48.97, 819
"Mandarina", 11.31, 1100
"Lima", 1036.08, 196
"Cereza", 1003.09, 190
"Champignon", 3674.36, 100
"Cereza", 1035.16, 226
"Batata", 17.57, 930
"Berenjena", 52.71, 546
"Acelga", 19.40, 1053
"Pera", 160.63, 960
"Durazno", 169.25, 912
"Lechuga", 43.11, 891
"Kinoto", 22.57, 194
"Durazno", 166.70, 688
"Palta", 1176.51, 476
"Frutilla", 314.91, 255
"Rabanito", 214.53, 243
"Caqui", 788.07, 81
"Batata", 22.87, 980
"Lechuga", 41.89, 1008
"Palta", 466.44, 445
"Limon", 271.04, 651
"Frutilla", 309.32, 348
"Frambuesa", 2052.64, 94
"Rabanito", 218.22, 330
"Papa", 6.39, 960
"Frutilla", 297.01, 243
"Cebolla", 85.72, 648
"Choclo", 46.58, 240
"Frutilla", 280.04, 312
"Uva", 735.75, 288
"Acelga", 20.39, 828
"Frutilla", 273.49, 318
"Zuccini", 82.21, 666
"Esparrago", 634.96, 178
"Manzana", 132.93, 800
"Ajo", 930.94, 101
"Kinoto", 30.10, 200
"Pera", 165.97, 1060
"Papa", 16.82, 1030
"Morron", 2959.43, 552
"Champignon", 3635.70, 86
"Pepino", 34.19, 540
"Champignon", 3614.28, 100
"Acelga", 18.91, 882
"Morron", 2892.96, 588
"Manzana", 112.20, 1010
"Pera", 157.35, 1140
"Pepino", 46.43, 440
"Lima", 1401.21, 204
"Brocoli", 368.44, 376
"TomCherry", 516.13, 236
"Brocoli", 361.29, 396
"Coliflor", 27.76, 555
"Naranja", 11.89, 1150
"Uva", 712.71, 309
"Durazno", 261.05, 768
"Pomelo", 48.42, 909
"Choclo", 69.55, 285
"Lima", 962.62, 234
"Durazno", 285.06, 808
"Durazno", 143.98, 936
"Zuccini", 94.82, 630
"Pera", 142.25, 1110
"Batata", 22.35, 1200
"Durazno", 269.97, 752
"Morron", 2902.75, 480
"Pera", 122.09, 1070
"Kiwi", 448.29, 396
"Zuccini", 86.99, 624
"Calabaza", 20.09, 672
"Lima", 1216.97, 222
"Calabaza", 19.39, 872
"Morron", 2985.67, 570
"Uva", 662.05, 330
"Champignon", 3537.91, 87
"Champignon", 3521.14, 110
"Calabaza", 21.75, 784
"Durazno", 143.51, 792
"Banana", 59.09, 960
"Palta", 494.74, 505
"Frambuesa", 2005.81, 119
"Banana", 52.74, 1120
"Rabanito", 226.17, 276
"Kiwi", 447.15, 380
"Papa", 16.29, 870
"Sandia", 70.15, 756
"Frambuesa", 1995.24, 97
"Choclo", 68.21, 309
"Acelga", 19.37, 1080
"Manzana", 133.94, 1100
"Coliflor", 32.06, 480
"Champignon", 3600.27, 97
"Mandarina", 27.01, 930
"Pomelo", 48.49, 1053
"Lechuga", 47.44, 729
"Mandarina", 24.20, 910
"Apio", 50.81, 345
"Zuccini", 72.91, 528
"Cereza", 1032.74, 206
"Naranja", 12.80, 1180
"Durazno", 286.78, 712
"Pera", 141.65, 1130
"Cereza", 1035.26, 208
"Sandia", 68.38, 855
"Mandarina", 13.18, 1170
"Mandarina", 16.20, 890
"Cebolla", 67.84, 760
"Alcachofa", 151.96, 243
"Manzana", 148.04, 1020
"Morron", 2945.86, 678
"Brocoli", 309.45, 324
"Pera", 141.04, 1070
"Batata", 18.19, 840
"Manzana", 133.70, 1090
"Ajo", 895.49, 106
"Frutilla", 258.22, 336
"Repollo", 3.27, 686
"Esparrago", 622.13, 204
"Zuccini", 88.51, 546
"Kiwi", 426.87, 472
"Caqui", 850.35, 106
"Kiwi", 438.97, 336
"Melon", 102.79, 388
"Papa", 17.52, 1070
"Frambuesa", 2069.32, 94
"Naranja", 16.68, 950
"Esparrago", 631.02, 200
"Palta", 508.46, 540
"Acelga", 17.90, 720
"Palta", 490.51, 410
"Uva", 696.22, 258
"Frutilla", 318.02, 345
"Alcachofa", 141.42, 285
"Durazno", 137.04, 808
"Melon", 103.86, 456
"Melon", 122.01, 332
"Calabaza", 16.74, 912
"Morron", 2990.98, 624
"TomCherry", 574.82, 212
"Pepino", 39.65, 425
"TomCherry", 579.38, 188
"Pera", 144.02, 900
"Cereza", 1031.44, 198
"Ajo", 915.06, 82
"Acelga", 18.24, 729
"Palta", 513.35, 480
"Mandarina", 11.23, 910
"Acelga", 19.40, 891
"Sandia", 65.26, 1044
"Naranja", 13.86, 1020
"Ajo", 968.84, 114
"Frutilla", 288.24, 342
"Rabanito", 239.15, 273
"Mandarina", 12.99, 1100
"Ajo", 853.12, 102
"Pomelo", 49.58, 981
"Palta", 465.14, 415
"Durazno", 167.09, 952
"Sandia", 58.98, 891
"Repollo", 6.75, 595
"Calabaza", 24.63, 816
"Acelga", 24.28, 1080
"Cebolla", 69.95, 784
"Pepino", 36.35, 480
"Pera", 142.77, 1090
"Papa", 11.21, 1130
"Pepino", 18.68, 465
"Sandia", 52.34, 999
"Tomate", 725.94, 990
"Caqui", 837.05, 91
"Esparrago", 642.17, 168
"Champignon", 3575.58, 112
"Esparrago", 618.70, 202
"Naranja", 15.71, 1040
"Mandarina", 21.01, 1110
"Rabanito", 218.80, 312
"Coliflor", 21.68, 490
"Durazno", 281.96, 920
"Zuccini", 77.07, 546
"Lechuga", 37.27, 747
"Palta", 496.19, 515
"Morron", 2979.20, 660
"Repollo", 5.34, 819
"Papa", 15.24, 890
"Caqui", 766.84, 120
"Mandarina", 16.21, 890
"Naranja", 22.49, 1030
"Champignon", 3631.10, 119
"Melon", 97.28, 404
"Palta", 1148.39, 412
"Naranja", 16.45, 1150
"Ajo", 927.21, 97
"Pera", 144.27, 910
"Higo", 2478.93, 97
"Zuccini", 77.22, 678
"Durazno", 266.03, 872
"Alcachofa", 131.85, 294
"Lechuga", 37.75, 810
"Lima", 1046.82, 196
"Lima", 1220.90, 162
"Lechuga", 35.34, 846
"Limon", 337.32, 833
"Kinoto", 35.99, 228
"Kinoto", 30.63, 180
"Sandia", 43.70, 882
"Brocoli", 368.58, 388
"Esparrago", 639.39, 218
"Lechuga", 35.61, 1062
"Tomate", 770.73, 783
"Pera", 130.35, 910
"Cebolla", 68.96, 912
"Cebolla", 61.14, 760
"Morron", 3030.61, 516
"Melon", 104.85, 372
"Coliflor", 24.32, 525
"Frambuesa", 2073.73, 95
"Kinoto", 36.80, 194
"Ciruela", 919.37, 873
"TomCherry", 522.90, 190
"Calabaza", 12.46, 672
"Ajo", 887.56, 98
"Zanahoria", 25.10, 480
"Calabaza", 29.71, 872
"Choclo", 50.92, 312
"Limon", 310.74, 560
"Lima", 1385.73, 192
"Ciruela", 946.41, 747
"Coliflor", 31.15, 455
"Ciruela", 974.66, 774
"Zuccini", 76.66, 600
"Sandia", 61.61, 1026
"Pera", 145.27, 1150
"Frutilla", 281.06, 294
"Pepino", 42.13, 550
"TomCherry", 549.63, 206
"Durazno", 162.10, 744
"Pepino", 41.69, 440
"Ajo", 874.54, 108
"Caqui", 836.81, 93
"Ciruela", 991.73, 720
"Esparrago", 623.18, 202
"Morron", 3059.58, 576
"Mandarina", 14.62, 970
"Calabaza", 22.89, 944
"Choclo", 60.76, 360
"Rabanito", 216.09, 294
"Lima", 1027.93, 222
"Kiwi", 425.75, 444
"Palta", 1133.75, 332
"Acelga", 20.66, 1044
"Papa", 16.85, 840
"Pepino", 32.32, 530
"TomCherry", 581.64, 162
"Palta", 1098.64, 472
"Cebolla", 61.22, 840
"Calabaza", 10.73, 816
"Esparrago", 642.53, 190
"Pera", 138.58, 950
"Berenjena", 52.12, 630
"Manzana", 149.74, 980
"Higo", 2442.94, 120
"Esparrago", 635.54, 234
"Morron", 2984.04, 660
"Durazno", 154.73, 928
"Lima", 1342.49, 166
"Frutilla", 319.88, 300
"Morron", 2926.00, 516
"Mandarina", 18.73, 840
"Manzana", 139.66, 1030
"Sandia", 76.23, 990
"Lima", 1016.14, 178
"Uva", 752.28, 354
"Mandarina", 15.72, 1100
"Esparrago", 654.47, 228
"Pepino", 42.18, 585
"TomCherry", 560.90, 214
"Brocoli", 347.21, 340
"Caqui", 829.51, 117
"Berenjena", 54.88, 534
"Pepino", 33.42, 500
"Alcachofa", 144.81, 360
"Pepino", 38.78, 510
"Durazno", 149.22, 952
"Apio", 57.16, 288
"Frutilla", 289.41, 357
"Brocoli", 346.93, 448
"Calabaza", 21.22, 912
"Cereza", 1061.84, 166
"Calabaza", 19.28, 888
"Lima", 1396.63, 196
"Apio", 66.01, 300
"Morron", 2973.79, 504
"Mandarina", 18.36, 1170
"Calabaza", 26.81, 656
"TomCherry", 555.30, 162
"Mandarina", 26.39, 980
"Frambuesa", 2159.43, 111
"Mandarina", 20.57, 930
"Tomate", 739.25, 1062
"Papa", 17.31, 880
"Palta", 499.78, 510
"Rabanito", 217.42, 351
"Brocoli", 357.74, 392
"Tomate", 734.70, 828
"Coliflor", 21.01, 510
"Apio", 65.74, 279
"Pepino", 30.76, 510
"Ciruela", 974.94, 792
"Cebolla", 55.74, 912
"Ciruela", 960.55, 729
"Pepino", 38.80, 595
"Morron", 2946.27, 624
"Frambuesa", 2069.07, 103
"Ciruela", 1011.43, 927
"Uva", 707.54, 312
"Pomelo", 33.83, 972
"Alcachofa", 150.97, 282
"Batata", 25.36, 1060
"Papa", 17.40, 910
"Morron", 2833.85, 618
"Pera", 145.63, 1020
"Apio", 67.44, 240
"Durazno", 265.71, 848
"Ajo", 901.32, 92
"Apio", 60.65, 357
"Melon", 96.11, 332
"TomCherry", 556.32, 194
"Banana", 66.21, 1040
"Champignon", 3622.09, 101
"Banana", 56.11, 1030
"Alcachofa", 140.89, 252
"Zuccini", 108.47, 492
"Kiwi", 355.31, 380
"Kiwi", 472.39, 336
"Apio", 77.21, 354
"Berenjena", 65.36, 612
"Esparrago", 615.16, 220
"Repollo", 4.23, 833
"TomCherry", 531.49, 206
"Zuccini", 67.10, 552
"Pera", 156.87, 1140
"Alcachofa", 147.28, 342
"Melon", 86.30, 436
"Frutilla", 303.65, 306
"Papa", 18.26, 950
"Rabanito", 208.41, 306
"Ciruela", 938.40, 954
"Zanahoria", 28.26, 498
"Frambuesa", 2075.91, 90
"Melon", 116.49, 448
"Naranja", 7.09, 1100
"Kiwi", 440.38, 420
"Rabanito", 214.86, 291
"TomCherry", 553.20, 164
"Higo", 2532.40, 84
"Kinoto", 34.13, 176
"Naranja", 17.88, 950
"Higo", 2445.89, 91
"Mandarina", 16.63, 1200
"Zanahoria", 42.29, 642
"Melon", 109.10, 436
"Berenjena", 52.25, 720
"Durazno", 281.58, 792
"Pepino", 36.09, 445
"Palta", 1115.01, 340
"Naranja", 17.61, 1180
"Cebolla", 84.59, 928
"TomCherry", 563.35, 226
"Durazno", 124.28, 912
"Higo", 2527.27, 114
"Zuccini", 73.65, 714
"Sandia", 55.38, 747
"Brocoli", 356.44, 420
"Tomate", 765.16, 873
"Uva", 708.36, 273
"Naranja", 21.34, 930
"Naranja", 17.54, 980
"Kinoto", 27.91, 230
"Papa", 15.38, 910
"Mandarina", 20.48, 1090
"Sandia", 56.04, 990
"Calabaza", 19.30, 904
"Esparrago", 628.39, 226
"Uva", 711.13, 309
"Higo", 2487.32, 98
"Manzana", 136.45, 1080
"Papa", 20.49, 890
"Calabaza", 19.11, 672
"Tomate", 783.17, 846
"Zuccini", 95.29, 636
"Durazno", 277.07, 768
"Cebolla", 70.53, 936
"Acelga", 17.26, 882
"Banana", 67.53, 820
"Batata", 13.60, 1070
"Sandia", 57.71, 1026
"Ciruela", 912.26, 756
"Cebolla", 62.32, 648
"Champignon", 3595.07, 90
"Acelga", 21.54, 990
"Pepino", 42.45, 420
"Naranja", 12.54, 1070
"Caqui", 814.11, 104
"Calabaza", 26.81, 840
"Berenjena", 62.43, 558
"Ajo", 914.83, 114
"Pepino", 38.11, 560
"Limon", 327.14, 595
"Zanahoria", 31.98, 558
"Lima", 1031.79, 240
"Mandarina", 27.20, 860
"Pomelo", 34.32, 855
"Acelga", 21.00, 1017
"Coliflor", 27.91, 460
"Zuccini", 83.00, 666
"Brocoli", 359.57, 364
"Cebolla", 58.96, 936
"Frutilla", 313.42, 312
"TomCherry", 540.86, 180
"Kiwi", 406.74, 396
"Ciruela", 968.78, 999
"Palta", 447.12, 525
"Uva", 695.80, 351
"Berenjena", 44.85, 654
"Zanahoria", 45.26, 642
"Rabanito", 225.54, 279
"Choclo", 48.54, 246
"Palta", 531.80, 470
"Durazno", 151.77, 880
"Naranja", 17.17, 910
"Durazno", 137.51, 792
"Pera", 136.10, 1160
"Kiwi", 413.62, 396
"Apio", 58.48, 291
"Brocoli", 322.83, 364
"Higo", 2590.97, 111
"Durazno", 162.05, 752
"Lima", 1210.82, 168
"Brocoli", 358.70, 428
"Pomelo", 50.27, 882
"TomCherry", 551.08, 172
"Uva", 747.36, 342
"Pepino", 50.10, 505
"Batata", 26.60, 950
"Cebolla", 54.54, 840
"Rabanito", 227.41, 273
"Durazno", 188.37, 936
"Lima", 1054.20, 172
"Ajo", 941.49, 95
"Acelga", 18.20, 909
"Mandarina", 26.22, 1100
"Rabanito", 208.57, 309
"Lechuga", 37.57, 1080
"Coliflor", 38.62, 540
"Calabaza", 26.58, 648
"Mandarina", 28.07, 1030
"Durazno", 136.03, 648
"Pera", 157.16, 830
"Morron", 2959.49, 564
"Champignon", 3515.21, 89
"Pomelo", 40.32, 738
"Durazno", 164.64, 936
"Apio", 62.05, 339
"Alcachofa", 154.28, 327
"Mandarina", 16.92, 1160
"Zuccini", 76.98, 618
"Rabanito", 236.95, 240
"Manzana", 149.10, 1120
"Berenjena", 56.94, 630
"Brocoli", 357.86, 336
"Coliflor", 24.01, 530
"Zuccini", 77.89, 708
"Esparrago", 656.78, 224
"Naranja", 22.82, 1050
"Pepino", 31.62, 480
"Caqui", 836.36, 119
"Coliflor", 20.79, 600
"Manzana", 152.68, 1180
"Morron", 2969.72, 564
"Kinoto", 34.92, 210
"Lechuga", 29.39, 1044
"Kiwi", 436.93, 336
"Frutilla", 264.96, 318
"Frutilla", 330.16, 333
"Rabanito", 218.82, 288
"Esparrago", 571.00, 196
"Melon", 98.23, 372
"Naranja", 8.82, 850
"Choclo", 56.65, 282
"Alcachofa", 179.94, 246
"Cebolla", 41.60, 880
"Apio", 51.97, 315
"Apio", 73.18, 288
"Lima", 1266.89, 196
"Durazno", 168.14, 656
"Higo", 2497.34, 115
"Higo", 2511.49, 87
"Cereza", 1050.82, 160
"Frutilla", 283.05, 282
"Kinoto", 27.90, 188
"Cebolla", 55.74, 896
"Choclo", 71.07, 261
"Lima", 1205.80, 184
"Champignon", 3550.90, 108
"Apio", 58.40, 273
"Palta", 472.00, 575
"Alcachofa", 145.11, 276
"Manzana", 137.14, 1130
"Lima", 1374.55, 204
"Coliflor", 37.99, 520
"Naranja", 9.98, 840
"Cebolla", 53.57, 688
"Banana", 65.31, 1180
"Tomate", 710.80, 1017
"Pepino", 40.38, 415
"Rabanito", 221.86, 252
"Limon", 287.53, 840
"Alcachofa", 141.52, 327
"Palta", 1171.92, 396
"Esparrago", 648.74, 170
"Apio", 66.64, 291
"Coliflor", 25.79, 470
"Durazno", 183.46, 784
"Ciruela", 902.67, 1071
"Uva", 701.02, 276
"Ajo", 912.00, 117
"Durazno", 149.35, 848
"Esparrago", 640.56, 204
"Tomate", 770.52, 981
"Papa", 8.57, 1060
"Durazno", 166.11, 776
"Mandarina", 18.47, 1200
"Lima", 1382.25, 174
"Zanahoria", 32.75, 564
"Coliflor", 23.54, 570
"Durazno", 145.00, 888
"Lima", 1385.64, 226
"Caqui", 859.59, 118
"Kiwi", 430.41, 464
"Limon", 316.02, 826
"Frutilla", 299.87, 258
"Zanahoria", 35.28, 684
"Acelga", 21.64, 900
"Morron", 2958.87, 546
"Zuccini", 84.03, 546
"Palta", 435.66, 415
"Durazno", 284.36, 784
"Frutilla", 293.25, 351
"Champignon", 3582.99, 83
"Champignon", 3423.86, 89
"Mandarina", 23.41, 820
"Brocoli", 364.17, 460
"Repollo", 1.75, 609
"Tomate", 652.10, 891
"Melon", 114.37, 320
"Champignon", 3531.72, 81
"Mandarina", 14.37, 1200
"Palta", 1102.90, 324
"Brocoli", 369.72, 376
"Choclo", 69.28, 336
"Kinoto", 32.01, 180
"Banana", 70.00, 1000
"Durazno", 272.95, 936
"Palta", 1097.04, 408
"Brocoli", 372.19, 460
"Choclo", 51.44, 264
"Ciruela", 964.27, 1008
"Tomate", 733.82, 1044
"Mandarina", 20.15, 980
"Pepino", 42.87, 595
"Apio", 50.39, 285
"Durazno", 149.12, 808
"Higo", 2455.80, 87
"Naranja", 14.74, 1110
"Uva", 704.40, 261
"Lima", 1195.16, 184
"Rabanito", 246.41, 306
"Banana", 62.80, 1010
"Brocoli", 357.75, 384
"Zuccini", 87.20, 648
"Berenjena", 61.33, 510
"Choclo", 61.77, 357
"Melon", 116.62, 436
"Higo", 2531.07, 87
"Durazno", 247.48, 696
"Esparrago", 606.23, 198
"TomCherry", 530.51, 160
"Tomate", 756.41, 945
"Naranja", 7.18, 1080
"Calabaza", 19.87, 816
"Rabanito", 206.92, 303
"Zanahoria", 26.81, 660
"Manzana", 159.63, 870
"Ajo", 953.59, 111
"Palta", 1158.71, 392
"Repollo", 7.12, 658
"TomCherry", 556.93, 232
"Tomate", 726.48, 747
"Apio", 66.11, 252
"Choclo", 53.60, 258
"Mandarina", 17.61, 870
"Durazno", 291.75, 728
"Zanahoria", 27.36, 588
"Kinoto", 31.85, 236
"Repollo", 7.68, 826
"Apio", 56.03, 252
"Berenjena", 58.78, 648
"Morron", 2960.18, 648
"Apio", 57.80, 327
"Naranja", 16.93, 900
"Frambuesa", 2042.81, 87
"Lima", 1386.29, 228
"Papa", 11.27, 980
"Calabaza", 19.45, 800
"Lima", 1371.01, 168
"Naranja", 6.81, 1140
"Calabaza", 24.17, 696
"Caqui", 768.93, 108
"Zuccini", 84.30, 660
"Calabaza", 16.30, 928
"Sandia", 72.44, 864
"Caqui", 775.57, 98
"Brocoli", 328.68, 380
"Lima", 1410.66, 178
"TomCherry", 579.17, 160
"Lima", 968.85, 188
"Palta", 1096.17, 476
"Limon", 290.99, 595
"Palta", 1202.39, 480
"Sandia", 58.29, 846
"Uva", 721.57, 324
"Batata", 10.71, 1000
"Berenjena", 61.88, 534
"Frambuesa", 2002.17, 94
"Melon", 100.56, 324
"Brocoli", 341.40, 320
"Higo", 2512.52, 105
"Batata", 20.86, 1070
"Naranja", 10.43, 890
"Lima", 1424.98, 220
"Rabanito", 232.68, 249
"Naranja", 8.69, 840
"Cebolla", 65.02, 872
"Coliflor", 29.42, 440
"Higo", 2424.29, 104
"Manzana", 152.93, 890
"Palta", 1103.30, 416
"Pera", 162.20, 890
"Rabanito", 217.03, 351
"Ajo", 808.06, 81
"Palta", 1193.43, 384
"Pepino", 44.34, 530
"Lima", 1219.24, 210
"Ajo", 907.68, 108
"Banana", 54.62, 900
"Naranja", 19.58, 800
"Champignon", 3538.81, 85
"Caqui", 837.12, 102
"Apio", 60.46, 315
"Rabanito", 193.59, 288
"TomCherry", 547.68, 182
"Kiwi", 455.65, 400
"Apio", 52.38, 276
"Lima", 1403.41, 224
"Alcachofa", 162.57, 273
"Morron", 3028.80, 594
"Melon", 116.71, 456
"Tomate", 716.04, 774
"Manzana", 151.82, 1130
"Uva", 683.78, 330
"Durazno", 160.25, 688
"Morron", 2973.31, 660
"Berenjena", 61.06, 528
"Durazno", 276.67, 784
"Palta", 475.85, 580
"TomCherry", 588.94, 240
"Higo", 2476.45, 111
"Durazno", 138.91, 688
"Naranja", 14.31, 1010
"Durazno", 250.23, 920
"Berenjena", 57.40, 552
"Kiwi", 423.54, 472
"Frambuesa", 2036.15, 106
"TomCherry", 582.74, 236
"Frutilla", 281.58, 249
"Ajo", 951.73, 117
"Calabaza", 23.99, 880
"Kiwi", 431.00, 324
"Apio", 61.13, 336
"Palta", 1146.72, 392
"Banana", 67.24, 890
"Durazno", 272.57, 672
"Limon", 348.86, 770
"Pomelo", 51.42, 963
"Mandarina", 11.15, 1120
"Durazno", 257.07, 856
"Ajo", 991.28, 97
"Lima", 1016.33, 196
"Palta", 454.70, 560
"Tomate", 722.32, 891
"Brocoli", 342.87, 368
